barcode,SubjectId,TRA,TRB,TRA_V,TRA_J,TRB_V,TRB_J,TRA_CloneIdx,TRA_CloneSize,TRB_CloneIdx,TRB_CloneSize
BC_0000_0000,SUBJ003,EAKIIFEVDWQCADH,TYAVHVQIRWK,,,,,0,3,0,3
BC_0000_0001,SUBJ007,EAKIIFEVDWQCADH,TYAVHVQIRWK,,,,,0,3,0,3
BC_0000_0002,SUBJ006,EAKIIFEVDWQCADH,TYAVHVQIRWK,,,,,0,3,0,3
BC_0001_0000,SUBJ004,FHMEDPENNYKC,RVEPDVLYNWHDCIL,,,,,1,5,1,5
BC_0001_0001,SUBJ002,FHMEDPENNYKC,RVEPDVLYNWHDCIL,,,,,1,5,1,5
BC_0001_0002,SUBJ007,FHMEDPENNYKC,RVEPDVLYNWHDCIL,,,,,1,5,1,5
BC_0001_0003,SUBJ005,FHMEDPENNYKC,RVEPDVLYNWHDCIL,,,,,1,5,1,5
BC_0001_0004,SUBJ008,FHMEDPENNYKC,RVEPDVLYNWHDCIL,,,,,1,5,1,5
BC_0002_0000,SUBJ008,NGNNHKDYGVIGRPK,VIMCICMPKDHWMHS,,,,,2,15,2,15
BC_0002_0001,SUBJ003,NGNNHKDYGVIGRPK,VIMCICMPKDHWMHS,,,,,2,15,2,15
BC_0002_0002,SUBJ005,NGNNHKDYGVIGRPK,VIMCICMPKDHWMHS,,,,,2,15,2,15
BC_0002_0003,SUBJ003,NGNNHKDYGVIGRPK,VIMCICMPKDHWMHS,,,,,2,15,2,15
BC_0002_0004,SUBJ004,NGNNHKDYGVIGRPK,VIMCICMPKDHWMHS,,,,,2,15,2,15
BC_0002_0005,SUBJ005,NGNNHKDYGVIGRPK,VIMCICMPKDHWMHS,,,,,2,15,2,15
BC_0002_0006,SUBJ007,NGNNHKDYGVIGRPK,VIMCICMPKDHWMHS,,,,,2,15,2,15
BC_0002_0007,SUBJ007,NGNNHKDYGVIGRPK,VIMCICMPKDHWMHS,,,,,2,15,2,15
BC_0002_0008,SUBJ006,NGNNHKDYGVIGRPK,VIMCICMPKDHWMHS,,,,,2,15,2,15
BC_0002_0009,SUBJ004,NGNNHKDYGVIGRPK,VIMCICMPKDHWMHS,,,,,2,15,2,15
BC_0002_0010,SUBJ003,NGNNHKDYGVIGRPK,VIMCICMPKDHWMHS,,,,,2,15,2,15
BC_0002_0011,SUBJ008,NGNNHKDYGVIGRPK,VIMCICMPKDHWMHS,,,,,2,15,2,15
BC_0002_0012,SUBJ002,NGNNHKDYGVIGRPK,VIMCICMPKDHWMHS,,,,,2,15,2,15
BC_0002_0013,SUBJ001,NGNNHKDYGVIGRPK,VIMCICMPKDHWMHS,,,,,2,15,2,15
BC_0002_0014,SUBJ002,NGNNHKDYGVIGRPK,VIMCICMPKDHWMHS,,,,,2,15,2,15
BC_0003_0000,SUBJ004,GQYDPPYRTKV,AEVKMELQGRAKTGTE,,,,,3,12,3,12
BC_0003_0001,SUBJ003,GQYDPPYRTKV,AEVKMELQGRAKTGTE,,,,,3,12,3,12
BC_0003_0002,SUBJ006,GQYDPPYRTKV,AEVKMELQGRAKTGTE,,,,,3,12,3,12
BC_0003_0003,SUBJ003,GQYDPPYRTKV,AEVKMELQGRAKTGTE,,,,,3,12,3,12
BC_0003_0004,SUBJ001,GQYDPPYRTKV,AEVKMELQGRAKTGTE,,,,,3,12,3,12
BC_0003_0005,SUBJ006,GQYDPPYRTKV,AEVKMELQGRAKTGTE,,,,,3,12,3,12
BC_0003_0006,SUBJ008,GQYDPPYRTKV,AEVKMELQGRAKTGTE,,,,,3,12,3,12
BC_0003_0007,SUBJ001,GQYDPPYRTKV,AEVKMELQGRAKTGTE,,,,,3,12,3,12
BC_0003_0008,SUBJ002,GQYDPPYRTKV,AEVKMELQGRAKTGTE,,,,,3,12,3,12
BC_0003_0009,SUBJ006,GQYDPPYRTKV,AEVKMELQGRAKTGTE,,,,,3,12,3,12
BC_0003_0010,SUBJ005,GQYDPPYRTKV,AEVKMELQGRAKTGTE,,,,,3,12,3,12
BC_0003_0011,SUBJ004,GQYDPPYRTKV,AEVKMELQGRAKTGTE,,,,,3,12,3,12
BC_0004_0000,SUBJ004,IWDDSDVFFS,GKTYQHVHLPNRTR,,,,,4,6,4,6
BC_0004_0001,SUBJ004,IWDDSDVFFS,GKTYQHVHLPNRTR,,,,,4,6,4,6
BC_0004_0002,SUBJ002,IWDDSDVFFS,GKTYQHVHLPNRTR,,,,,4,6,4,6
BC_0004_0003,SUBJ006,IWDDSDVFFS,GKTYQHVHLPNRTR,,,,,4,6,4,6
BC_0004_0004,SUBJ001,IWDDSDVFFS,GKTYQHVHLPNRTR,,,,,4,6,4,6
BC_0004_0005,SUBJ004,IWDDSDVFFS,GKTYQHVHLPNRTR,,,,,4,6,4,6
BC_0005_0000,SUBJ001,IADCIDCMDTIKSH,FWWSISQHEEQNQQ,,,,,5,17,5,17
BC_0005_0001,SUBJ002,IADCIDCMDTIKSH,FWWSISQHEEQNQQ,,,,,5,17,5,17
BC_0005_0002,SUBJ001,IADCIDCMDTIKSH,FWWSISQHEEQNQQ,,,,,5,17,5,17
BC_0005_0003,SUBJ007,IADCIDCMDTIKSH,FWWSISQHEEQNQQ,,,,,5,17,5,17
BC_0005_0004,SUBJ006,IADCIDCMDTIKSH,FWWSISQHEEQNQQ,,,,,5,17,5,17
BC_0005_0005,SUBJ002,IADCIDCMDTIKSH,FWWSISQHEEQNQQ,,,,,5,17,5,17
BC_0005_0006,SUBJ004,IADCIDCMDTIKSH,FWWSISQHEEQNQQ,,,,,5,17,5,17
BC_0005_0007,SUBJ004,IADCIDCMDTIKSH,FWWSISQHEEQNQQ,,,,,5,17,5,17
BC_0005_0008,SUBJ004,IADCIDCMDTIKSH,FWWSISQHEEQNQQ,,,,,5,17,5,17
BC_0005_0009,SUBJ008,IADCIDCMDTIKSH,FWWSISQHEEQNQQ,,,,,5,17,5,17
BC_0005_0010,SUBJ003,IADCIDCMDTIKSH,FWWSISQHEEQNQQ,,,,,5,17,5,17
BC_0005_0011,SUBJ007,IADCIDCMDTIKSH,FWWSISQHEEQNQQ,,,,,5,17,5,17
BC_0005_0012,SUBJ003,IADCIDCMDTIKSH,FWWSISQHEEQNQQ,,,,,5,17,5,17
BC_0005_0013,SUBJ005,IADCIDCMDTIKSH,FWWSISQHEEQNQQ,,,,,5,17,5,17
BC_0005_0014,SUBJ008,IADCIDCMDTIKSH,FWWSISQHEEQNQQ,,,,,5,17,5,17
BC_0005_0015,SUBJ004,IADCIDCMDTIKSH,FWWSISQHEEQNQQ,,,,,5,17,5,17
BC_0005_0016,SUBJ002,IADCIDCMDTIKSH,FWWSISQHEEQNQQ,,,,,5,17,5,17
BC_0006_0000,SUBJ004,VECVADIGQSSHP,GPAPKRLQVS,,,,,6,7,6,7
BC_0006_0001,SUBJ005,VECVADIGQSSHP,GPAPKRLQVS,,,,,6,7,6,7
BC_0006_0002,SUBJ004,VECVADIGQSSHP,GPAPKRLQVS,,,,,6,7,6,7
BC_0006_0003,SUBJ001,VECVADIGQSSHP,GPAPKRLQVS,,,,,6,7,6,7
BC_0006_0004,SUBJ001,VECVADIGQSSHP,GPAPKRLQVS,,,,,6,7,6,7
BC_0006_0005,SUBJ006,VECVADIGQSSHP,GPAPKRLQVS,,,,,6,7,6,7
BC_0006_0006,SUBJ001,VECVADIGQSSHP,GPAPKRLQVS,,,,,6,7,6,7
BC_0007_0000,SUBJ006,WSTTGCTDGD,DIPEWIWYCYDQWW,,,,,7,19,7,19
BC_0007_0001,SUBJ005,WSTTGCTDGD,DIPEWIWYCYDQWW,,,,,7,19,7,19
BC_0007_0002,SUBJ004,WSTTGCTDGD,DIPEWIWYCYDQWW,,,,,7,19,7,19
BC_0007_0003,SUBJ006,WSTTGCTDGD,DIPEWIWYCYDQWW,,,,,7,19,7,19
BC_0007_0004,SUBJ004,WSTTGCTDGD,DIPEWIWYCYDQWW,,,,,7,19,7,19
BC_0007_0005,SUBJ005,WSTTGCTDGD,DIPEWIWYCYDQWW,,,,,7,19,7,19
BC_0007_0006,SUBJ007,WSTTGCTDGD,DIPEWIWYCYDQWW,,,,,7,19,7,19
BC_0007_0007,SUBJ003,WSTTGCTDGD,DIPEWIWYCYDQWW,,,,,7,19,7,19
BC_0007_0008,SUBJ005,WSTTGCTDGD,DIPEWIWYCYDQWW,,,,,7,19,7,19
BC_0007_0009,SUBJ008,WSTTGCTDGD,DIPEWIWYCYDQWW,,,,,7,19,7,19
BC_0007_0010,SUBJ006,WSTTGCTDGD,DIPEWIWYCYDQWW,,,,,7,19,7,19
BC_0007_0011,SUBJ002,WSTTGCTDGD,DIPEWIWYCYDQWW,,,,,7,19,7,19
BC_0007_0012,SUBJ001,WSTTGCTDGD,DIPEWIWYCYDQWW,,,,,7,19,7,19
BC_0007_0013,SUBJ008,WSTTGCTDGD,DIPEWIWYCYDQWW,,,,,7,19,7,19
BC_0007_0014,SUBJ002,WSTTGCTDGD,DIPEWIWYCYDQWW,,,,,7,19,7,19
BC_0007_0015,SUBJ002,WSTTGCTDGD,DIPEWIWYCYDQWW,,,,,7,19,7,19
BC_0007_0016,SUBJ004,WSTTGCTDGD,DIPEWIWYCYDQWW,,,,,7,19,7,19
BC_0007_0017,SUBJ005,WSTTGCTDGD,DIPEWIWYCYDQWW,,,,,7,19,7,19
BC_0007_0018,SUBJ003,WSTTGCTDGD,DIPEWIWYCYDQWW,,,,,7,19,7,19
BC_0008_0000,SUBJ005,DINLGRVLYTAV,EFKEEVFKLYHM,,,,,8,9,8,9
BC_0008_0001,SUBJ008,DINLGRVLYTAV,EFKEEVFKLYHM,,,,,8,9,8,9
BC_0008_0002,SUBJ005,DINLGRVLYTAV,EFKEEVFKLYHM,,,,,8,9,8,9
BC_0008_0003,SUBJ001,DINLGRVLYTAV,EFKEEVFKLYHM,,,,,8,9,8,9
BC_0008_0004,SUBJ002,DINLGRVLYTAV,EFKEEVFKLYHM,,,,,8,9,8,9
BC_0008_0005,SUBJ007,DINLGRVLYTAV,EFKEEVFKLYHM,,,,,8,9,8,9
BC_0008_0006,SUBJ005,DINLGRVLYTAV,EFKEEVFKLYHM,,,,,8,9,8,9
BC_0008_0007,SUBJ001,DINLGRVLYTAV,EFKEEVFKLYHM,,,,,8,9,8,9
BC_0008_0008,SUBJ001,DINLGRVLYTAV,EFKEEVFKLYHM,,,,,8,9,8,9
BC_0009_0000,SUBJ004,FKGRVQVAEDFV,NWVFQFCLNC,,,,,9,14,9,14
BC_0009_0001,SUBJ004,FKGRVQVAEDFV,NWVFQFCLNC,,,,,9,14,9,14
BC_0009_0002,SUBJ002,FKGRVQVAEDFV,NWVFQFCLNC,,,,,9,14,9,14
BC_0009_0003,SUBJ006,FKGRVQVAEDFV,NWVFQFCLNC,,,,,9,14,9,14
BC_0009_0004,SUBJ007,FKGRVQVAEDFV,NWVFQFCLNC,,,,,9,14,9,14
BC_0009_0005,SUBJ003,FKGRVQVAEDFV,NWVFQFCLNC,,,,,9,14,9,14
BC_0009_0006,SUBJ004,FKGRVQVAEDFV,NWVFQFCLNC,,,,,9,14,9,14
BC_0009_0007,SUBJ003,FKGRVQVAEDFV,NWVFQFCLNC,,,,,9,14,9,14
BC_0009_0008,SUBJ003,FKGRVQVAEDFV,NWVFQFCLNC,,,,,9,14,9,14
BC_0009_0009,SUBJ007,FKGRVQVAEDFV,NWVFQFCLNC,,,,,9,14,9,14
BC_0009_0010,SUBJ001,FKGRVQVAEDFV,NWVFQFCLNC,,,,,9,14,9,14
BC_0009_0011,SUBJ003,FKGRVQVAEDFV,NWVFQFCLNC,,,,,9,14,9,14
BC_0009_0012,SUBJ006,FKGRVQVAEDFV,NWVFQFCLNC,,,,,9,14,9,14
BC_0009_0013,SUBJ007,FKGRVQVAEDFV,NWVFQFCLNC,,,,,9,14,9,14
BC_0010_0000,SUBJ001,IKGEPCSIHRNLIIAH,MKDKNTPVMAEKG,,,,,10,11,10,11
BC_0010_0001,SUBJ002,IKGEPCSIHRNLIIAH,MKDKNTPVMAEKG,,,,,10,11,10,11
BC_0010_0002,SUBJ007,IKGEPCSIHRNLIIAH,MKDKNTPVMAEKG,,,,,10,11,10,11
BC_0010_0003,SUBJ006,IKGEPCSIHRNLIIAH,MKDKNTPVMAEKG,,,,,10,11,10,11
BC_0010_0004,SUBJ006,IKGEPCSIHRNLIIAH,MKDKNTPVMAEKG,,,,,10,11,10,11
BC_0010_0005,SUBJ007,IKGEPCSIHRNLIIAH,MKDKNTPVMAEKG,,,,,10,11,10,11
BC_0010_0006,SUBJ002,IKGEPCSIHRNLIIAH,MKDKNTPVMAEKG,,,,,10,11,10,11
BC_0010_0007,SUBJ007,IKGEPCSIHRNLIIAH,MKDKNTPVMAEKG,,,,,10,11,10,11
BC_0010_0008,SUBJ004,IKGEPCSIHRNLIIAH,MKDKNTPVMAEKG,,,,,10,11,10,11
BC_0010_0009,SUBJ005,IKGEPCSIHRNLIIAH,MKDKNTPVMAEKG,,,,,10,11,10,11
BC_0010_0010,SUBJ001,IKGEPCSIHRNLIIAH,MKDKNTPVMAEKG,,,,,10,11,10,11
BC_0011_0000,SUBJ005,QATVHNQDMYMELTL,QMPLVFHQPGYWLPV,,,,,11,3,11,3
BC_0011_0001,SUBJ005,QATVHNQDMYMELTL,QMPLVFHQPGYWLPV,,,,,11,3,11,3
BC_0011_0002,SUBJ004,QATVHNQDMYMELTL,QMPLVFHQPGYWLPV,,,,,11,3,11,3
BC_0012_0000,SUBJ004,WYMRRRHTSGDLT,YMDILIHFACISYDR,,,,,12,16,12,16
BC_0012_0001,SUBJ007,WYMRRRHTSGDLT,YMDILIHFACISYDR,,,,,12,16,12,16
BC_0012_0002,SUBJ008,WYMRRRHTSGDLT,YMDILIHFACISYDR,,,,,12,16,12,16
BC_0012_0003,SUBJ007,WYMRRRHTSGDLT,YMDILIHFACISYDR,,,,,12,16,12,16
BC_0012_0004,SUBJ004,WYMRRRHTSGDLT,YMDILIHFACISYDR,,,,,12,16,12,16
BC_0012_0005,SUBJ003,WYMRRRHTSGDLT,YMDILIHFACISYDR,,,,,12,16,12,16
BC_0012_0006,SUBJ001,WYMRRRHTSGDLT,YMDILIHFACISYDR,,,,,12,16,12,16
BC_0012_0007,SUBJ002,WYMRRRHTSGDLT,YMDILIHFACISYDR,,,,,12,16,12,16
BC_0012_0008,SUBJ007,WYMRRRHTSGDLT,YMDILIHFACISYDR,,,,,12,16,12,16
BC_0012_0009,SUBJ004,WYMRRRHTSGDLT,YMDILIHFACISYDR,,,,,12,16,12,16
BC_0012_0010,SUBJ003,WYMRRRHTSGDLT,YMDILIHFACISYDR,,,,,12,16,12,16
BC_0012_0011,SUBJ008,WYMRRRHTSGDLT,YMDILIHFACISYDR,,,,,12,16,12,16
BC_0012_0012,SUBJ001,WYMRRRHTSGDLT,YMDILIHFACISYDR,,,,,12,16,12,16
BC_0012_0013,SUBJ004,WYMRRRHTSGDLT,YMDILIHFACISYDR,,,,,12,16,12,16
BC_0012_0014,SUBJ002,WYMRRRHTSGDLT,YMDILIHFACISYDR,,,,,12,16,12,16
BC_0012_0015,SUBJ008,WYMRRRHTSGDLT,YMDILIHFACISYDR,,,,,12,16,12,16
BC_0013_0000,SUBJ004,RTVYMRYTQVR,SRKIKTSIKRD,,,,,13,12,13,12
BC_0013_0001,SUBJ005,RTVYMRYTQVR,SRKIKTSIKRD,,,,,13,12,13,12
BC_0013_0002,SUBJ006,RTVYMRYTQVR,SRKIKTSIKRD,,,,,13,12,13,12
BC_0013_0003,SUBJ006,RTVYMRYTQVR,SRKIKTSIKRD,,,,,13,12,13,12
BC_0013_0004,SUBJ002,RTVYMRYTQVR,SRKIKTSIKRD,,,,,13,12,13,12
BC_0013_0005,SUBJ003,RTVYMRYTQVR,SRKIKTSIKRD,,,,,13,12,13,12
BC_0013_0006,SUBJ003,RTVYMRYTQVR,SRKIKTSIKRD,,,,,13,12,13,12
BC_0013_0007,SUBJ004,RTVYMRYTQVR,SRKIKTSIKRD,,,,,13,12,13,12
BC_0013_0008,SUBJ007,RTVYMRYTQVR,SRKIKTSIKRD,,,,,13,12,13,12
BC_0013_0009,SUBJ003,RTVYMRYTQVR,SRKIKTSIKRD,,,,,13,12,13,12
BC_0013_0010,SUBJ004,RTVYMRYTQVR,SRKIKTSIKRD,,,,,13,12,13,12
BC_0013_0011,SUBJ002,RTVYMRYTQVR,SRKIKTSIKRD,,,,,13,12,13,12
BC_0014_0000,SUBJ001,QMVRQCHQPWAWP,ANLPQVVYISIKQ,,,,,14,18,14,18
BC_0014_0001,SUBJ007,QMVRQCHQPWAWP,ANLPQVVYISIKQ,,,,,14,18,14,18
BC_0014_0002,SUBJ006,QMVRQCHQPWAWP,ANLPQVVYISIKQ,,,,,14,18,14,18
BC_0014_0003,SUBJ007,QMVRQCHQPWAWP,ANLPQVVYISIKQ,,,,,14,18,14,18
BC_0014_0004,SUBJ003,QMVRQCHQPWAWP,ANLPQVVYISIKQ,,,,,14,18,14,18
BC_0014_0005,SUBJ008,QMVRQCHQPWAWP,ANLPQVVYISIKQ,,,,,14,18,14,18
BC_0014_0006,SUBJ003,QMVRQCHQPWAWP,ANLPQVVYISIKQ,,,,,14,18,14,18
BC_0014_0007,SUBJ001,QMVRQCHQPWAWP,ANLPQVVYISIKQ,,,,,14,18,14,18
BC_0014_0008,SUBJ007,QMVRQCHQPWAWP,ANLPQVVYISIKQ,,,,,14,18,14,18
BC_0014_0009,SUBJ001,QMVRQCHQPWAWP,ANLPQVVYISIKQ,,,,,14,18,14,18
BC_0014_0010,SUBJ002,QMVRQCHQPWAWP,ANLPQVVYISIKQ,,,,,14,18,14,18
BC_0014_0011,SUBJ007,QMVRQCHQPWAWP,ANLPQVVYISIKQ,,,,,14,18,14,18
BC_0014_0012,SUBJ003,QMVRQCHQPWAWP,ANLPQVVYISIKQ,,,,,14,18,14,18
BC_0014_0013,SUBJ008,QMVRQCHQPWAWP,ANLPQVVYISIKQ,,,,,14,18,14,18
BC_0014_0014,SUBJ003,QMVRQCHQPWAWP,ANLPQVVYISIKQ,,,,,14,18,14,18
BC_0014_0015,SUBJ001,QMVRQCHQPWAWP,ANLPQVVYISIKQ,,,,,14,18,14,18
BC_0014_0016,SUBJ005,QMVRQCHQPWAWP,ANLPQVVYISIKQ,,,,,14,18,14,18
BC_0014_0017,SUBJ007,QMVRQCHQPWAWP,ANLPQVVYISIKQ,,,,,14,18,14,18
BC_0015_0000,SUBJ003,HRMMPKQKDSAV,NIDCAIHAYF,,,,,15,10,15,10
BC_0015_0001,SUBJ008,HRMMPKQKDSAV,NIDCAIHAYF,,,,,15,10,15,10
BC_0015_0002,SUBJ002,HRMMPKQKDSAV,NIDCAIHAYF,,,,,15,10,15,10
BC_0015_0003,SUBJ004,HRMMPKQKDSAV,NIDCAIHAYF,,,,,15,10,15,10
BC_0015_0004,SUBJ008,HRMMPKQKDSAV,NIDCAIHAYF,,,,,15,10,15,10
BC_0015_0005,SUBJ005,HRMMPKQKDSAV,NIDCAIHAYF,,,,,15,10,15,10
BC_0015_0006,SUBJ006,HRMMPKQKDSAV,NIDCAIHAYF,,,,,15,10,15,10
BC_0015_0007,SUBJ003,HRMMPKQKDSAV,NIDCAIHAYF,,,,,15,10,15,10
BC_0015_0008,SUBJ002,HRMMPKQKDSAV,NIDCAIHAYF,,,,,15,10,15,10
BC_0015_0009,SUBJ003,HRMMPKQKDSAV,NIDCAIHAYF,,,,,15,10,15,10
BC_0016_0000,SUBJ007,EWALWPPHDWIE,LYEWCNVQNDTMAQS,,,,,16,6,16,6
BC_0016_0001,SUBJ006,EWALWPPHDWIE,LYEWCNVQNDTMAQS,,,,,16,6,16,6
BC_0016_0002,SUBJ008,EWALWPPHDWIE,LYEWCNVQNDTMAQS,,,,,16,6,16,6
BC_0016_0003,SUBJ003,EWALWPPHDWIE,LYEWCNVQNDTMAQS,,,,,16,6,16,6
BC_0016_0004,SUBJ007,EWALWPPHDWIE,LYEWCNVQNDTMAQS,,,,,16,6,16,6
BC_0016_0005,SUBJ003,EWALWPPHDWIE,LYEWCNVQNDTMAQS,,,,,16,6,16,6
BC_0017_0000,SUBJ001,TKYVSRQWKMIDKRI,RWYPMASMGSHNKMKY,,,,,17,11,17,11
BC_0017_0001,SUBJ004,TKYVSRQWKMIDKRI,RWYPMASMGSHNKMKY,,,,,17,11,17,11
BC_0017_0002,SUBJ002,TKYVSRQWKMIDKRI,RWYPMASMGSHNKMKY,,,,,17,11,17,11
BC_0017_0003,SUBJ004,TKYVSRQWKMIDKRI,RWYPMASMGSHNKMKY,,,,,17,11,17,11
BC_0017_0004,SUBJ007,TKYVSRQWKMIDKRI,RWYPMASMGSHNKMKY,,,,,17,11,17,11
BC_0017_0005,SUBJ008,TKYVSRQWKMIDKRI,RWYPMASMGSHNKMKY,,,,,17,11,17,11
BC_0017_0006,SUBJ004,TKYVSRQWKMIDKRI,RWYPMASMGSHNKMKY,,,,,17,11,17,11
BC_0017_0007,SUBJ008,TKYVSRQWKMIDKRI,RWYPMASMGSHNKMKY,,,,,17,11,17,11
BC_0017_0008,SUBJ008,TKYVSRQWKMIDKRI,RWYPMASMGSHNKMKY,,,,,17,11,17,11
BC_0017_0009,SUBJ008,TKYVSRQWKMIDKRI,RWYPMASMGSHNKMKY,,,,,17,11,17,11
BC_0017_0010,SUBJ001,TKYVSRQWKMIDKRI,RWYPMASMGSHNKMKY,,,,,17,11,17,11
BC_0018_0000,SUBJ003,LIPILWNSVT,QVMNRKLKIEHM,,,,,18,6,18,6
BC_0018_0001,SUBJ004,LIPILWNSVT,QVMNRKLKIEHM,,,,,18,6,18,6
BC_0018_0002,SUBJ004,LIPILWNSVT,QVMNRKLKIEHM,,,,,18,6,18,6
BC_0018_0003,SUBJ008,LIPILWNSVT,QVMNRKLKIEHM,,,,,18,6,18,6
BC_0018_0004,SUBJ005,LIPILWNSVT,QVMNRKLKIEHM,,,,,18,6,18,6
BC_0018_0005,SUBJ005,LIPILWNSVT,QVMNRKLKIEHM,,,,,18,6,18,6
BC_0019_0000,SUBJ008,HLINGLAVFK,CVLFSEAWLS,,,,,19,18,19,18
BC_0019_0001,SUBJ006,HLINGLAVFK,CVLFSEAWLS,,,,,19,18,19,18
BC_0019_0002,SUBJ003,HLINGLAVFK,CVLFSEAWLS,,,,,19,18,19,18
BC_0019_0003,SUBJ001,HLINGLAVFK,CVLFSEAWLS,,,,,19,18,19,18
BC_0019_0004,SUBJ005,HLINGLAVFK,CVLFSEAWLS,,,,,19,18,19,18
BC_0019_0005,SUBJ008,HLINGLAVFK,CVLFSEAWLS,,,,,19,18,19,18
BC_0019_0006,SUBJ002,HLINGLAVFK,CVLFSEAWLS,,,,,19,18,19,18
BC_0019_0007,SUBJ002,HLINGLAVFK,CVLFSEAWLS,,,,,19,18,19,18
BC_0019_0008,SUBJ007,HLINGLAVFK,CVLFSEAWLS,,,,,19,18,19,18
BC_0019_0009,SUBJ008,HLINGLAVFK,CVLFSEAWLS,,,,,19,18,19,18
BC_0019_0010,SUBJ002,HLINGLAVFK,CVLFSEAWLS,,,,,19,18,19,18
BC_0019_0011,SUBJ001,HLINGLAVFK,CVLFSEAWLS,,,,,19,18,19,18
BC_0019_0012,SUBJ003,HLINGLAVFK,CVLFSEAWLS,,,,,19,18,19,18
BC_0019_0013,SUBJ003,HLINGLAVFK,CVLFSEAWLS,,,,,19,18,19,18
BC_0019_0014,SUBJ005,HLINGLAVFK,CVLFSEAWLS,,,,,19,18,19,18
BC_0019_0015,SUBJ002,HLINGLAVFK,CVLFSEAWLS,,,,,19,18,19,18
BC_0019_0016,SUBJ004,HLINGLAVFK,CVLFSEAWLS,,,,,19,18,19,18
BC_0019_0017,SUBJ002,HLINGLAVFK,CVLFSEAWLS,,,,,19,18,19,18
BC_0020_0000,SUBJ008,QYYYITPRRLWQLW,CYEHHKDGIGVDGA,,,,,20,16,20,16
BC_0020_0001,SUBJ008,QYYYITPRRLWQLW,CYEHHKDGIGVDGA,,,,,20,16,20,16
BC_0020_0002,SUBJ005,QYYYITPRRLWQLW,CYEHHKDGIGVDGA,,,,,20,16,20,16
BC_0020_0003,SUBJ001,QYYYITPRRLWQLW,CYEHHKDGIGVDGA,,,,,20,16,20,16
BC_0020_0004,SUBJ004,QYYYITPRRLWQLW,CYEHHKDGIGVDGA,,,,,20,16,20,16
BC_0020_0005,SUBJ005,QYYYITPRRLWQLW,CYEHHKDGIGVDGA,,,,,20,16,20,16
BC_0020_0006,SUBJ005,QYYYITPRRLWQLW,CYEHHKDGIGVDGA,,,,,20,16,20,16
BC_0020_0007,SUBJ008,QYYYITPRRLWQLW,CYEHHKDGIGVDGA,,,,,20,16,20,16
BC_0020_0008,SUBJ002,QYYYITPRRLWQLW,CYEHHKDGIGVDGA,,,,,20,16,20,16
BC_0020_0009,SUBJ004,QYYYITPRRLWQLW,CYEHHKDGIGVDGA,,,,,20,16,20,16
BC_0020_0010,SUBJ005,QYYYITPRRLWQLW,CYEHHKDGIGVDGA,,,,,20,16,20,16
BC_0020_0011,SUBJ004,QYYYITPRRLWQLW,CYEHHKDGIGVDGA,,,,,20,16,20,16
BC_0020_0012,SUBJ007,QYYYITPRRLWQLW,CYEHHKDGIGVDGA,,,,,20,16,20,16
BC_0020_0013,SUBJ002,QYYYITPRRLWQLW,CYEHHKDGIGVDGA,,,,,20,16,20,16
BC_0020_0014,SUBJ004,QYYYITPRRLWQLW,CYEHHKDGIGVDGA,,,,,20,16,20,16
BC_0020_0015,SUBJ003,QYYYITPRRLWQLW,CYEHHKDGIGVDGA,,,,,20,16,20,16
BC_0021_0000,SUBJ001,FDCGLYWLRERL,PKTVSRDYCQMYKAD,,,,,21,10,21,10
BC_0021_0001,SUBJ005,FDCGLYWLRERL,PKTVSRDYCQMYKAD,,,,,21,10,21,10
BC_0021_0002,SUBJ001,FDCGLYWLRERL,PKTVSRDYCQMYKAD,,,,,21,10,21,10
BC_0021_0003,SUBJ003,FDCGLYWLRERL,PKTVSRDYCQMYKAD,,,,,21,10,21,10
BC_0021_0004,SUBJ008,FDCGLYWLRERL,PKTVSRDYCQMYKAD,,,,,21,10,21,10
BC_0021_0005,SUBJ008,FDCGLYWLRERL,PKTVSRDYCQMYKAD,,,,,21,10,21,10
BC_0021_0006,SUBJ005,FDCGLYWLRERL,PKTVSRDYCQMYKAD,,,,,21,10,21,10
BC_0021_0007,SUBJ003,FDCGLYWLRERL,PKTVSRDYCQMYKAD,,,,,21,10,21,10
BC_0021_0008,SUBJ007,FDCGLYWLRERL,PKTVSRDYCQMYKAD,,,,,21,10,21,10
BC_0021_0009,SUBJ008,FDCGLYWLRERL,PKTVSRDYCQMYKAD,,,,,21,10,21,10
BC_0022_0000,SUBJ008,SNQMMEGMQS,PVCRDMKMEPTA,,,,,22,20,22,20
BC_0022_0001,SUBJ007,SNQMMEGMQS,PVCRDMKMEPTA,,,,,22,20,22,20
BC_0022_0002,SUBJ001,SNQMMEGMQS,PVCRDMKMEPTA,,,,,22,20,22,20
BC_0022_0003,SUBJ004,SNQMMEGMQS,PVCRDMKMEPTA,,,,,22,20,22,20
BC_0022_0004,SUBJ006,SNQMMEGMQS,PVCRDMKMEPTA,,,,,22,20,22,20
BC_0022_0005,SUBJ008,SNQMMEGMQS,PVCRDMKMEPTA,,,,,22,20,22,20
BC_0022_0006,SUBJ008,SNQMMEGMQS,PVCRDMKMEPTA,,,,,22,20,22,20
BC_0022_0007,SUBJ001,SNQMMEGMQS,PVCRDMKMEPTA,,,,,22,20,22,20
BC_0022_0008,SUBJ004,SNQMMEGMQS,PVCRDMKMEPTA,,,,,22,20,22,20
BC_0022_0009,SUBJ005,SNQMMEGMQS,PVCRDMKMEPTA,,,,,22,20,22,20
BC_0022_0010,SUBJ003,SNQMMEGMQS,PVCRDMKMEPTA,,,,,22,20,22,20
BC_0022_0011,SUBJ005,SNQMMEGMQS,PVCRDMKMEPTA,,,,,22,20,22,20
BC_0022_0012,SUBJ008,SNQMMEGMQS,PVCRDMKMEPTA,,,,,22,20,22,20
BC_0022_0013,SUBJ008,SNQMMEGMQS,PVCRDMKMEPTA,,,,,22,20,22,20
BC_0022_0014,SUBJ002,SNQMMEGMQS,PVCRDMKMEPTA,,,,,22,20,22,20
BC_0022_0015,SUBJ001,SNQMMEGMQS,PVCRDMKMEPTA,,,,,22,20,22,20
BC_0022_0016,SUBJ004,SNQMMEGMQS,PVCRDMKMEPTA,,,,,22,20,22,20
BC_0022_0017,SUBJ003,SNQMMEGMQS,PVCRDMKMEPTA,,,,,22,20,22,20
BC_0022_0018,SUBJ005,SNQMMEGMQS,PVCRDMKMEPTA,,,,,22,20,22,20
BC_0022_0019,SUBJ001,SNQMMEGMQS,PVCRDMKMEPTA,,,,,22,20,22,20
BC_0023_0000,SUBJ005,QDIEREFSLTKQSS,RVFPHYTFDKQ,,,,,23,13,23,13
BC_0023_0001,SUBJ001,QDIEREFSLTKQSS,RVFPHYTFDKQ,,,,,23,13,23,13
BC_0023_0002,SUBJ005,QDIEREFSLTKQSS,RVFPHYTFDKQ,,,,,23,13,23,13
BC_0023_0003,SUBJ005,QDIEREFSLTKQSS,RVFPHYTFDKQ,,,,,23,13,23,13
BC_0023_0004,SUBJ008,QDIEREFSLTKQSS,RVFPHYTFDKQ,,,,,23,13,23,13
BC_0023_0005,SUBJ003,QDIEREFSLTKQSS,RVFPHYTFDKQ,,,,,23,13,23,13
BC_0023_0006,SUBJ008,QDIEREFSLTKQSS,RVFPHYTFDKQ,,,,,23,13,23,13
BC_0023_0007,SUBJ008,QDIEREFSLTKQSS,RVFPHYTFDKQ,,,,,23,13,23,13
BC_0023_0008,SUBJ006,QDIEREFSLTKQSS,RVFPHYTFDKQ,,,,,23,13,23,13
BC_0023_0009,SUBJ006,QDIEREFSLTKQSS,RVFPHYTFDKQ,,,,,23,13,23,13
BC_0023_0010,SUBJ007,QDIEREFSLTKQSS,RVFPHYTFDKQ,,,,,23,13,23,13
BC_0023_0011,SUBJ008,QDIEREFSLTKQSS,RVFPHYTFDKQ,,,,,23,13,23,13
BC_0023_0012,SUBJ006,QDIEREFSLTKQSS,RVFPHYTFDKQ,,,,,23,13,23,13
BC_0024_0000,SUBJ002,HIWPIQCMSPPFSCFT,MERETRAFQFDSKM,,,,,24,15,24,15
BC_0024_0001,SUBJ006,HIWPIQCMSPPFSCFT,MERETRAFQFDSKM,,,,,24,15,24,15
BC_0024_0002,SUBJ007,HIWPIQCMSPPFSCFT,MERETRAFQFDSKM,,,,,24,15,24,15
BC_0024_0003,SUBJ006,HIWPIQCMSPPFSCFT,MERETRAFQFDSKM,,,,,24,15,24,15
BC_0024_0004,SUBJ008,HIWPIQCMSPPFSCFT,MERETRAFQFDSKM,,,,,24,15,24,15
BC_0024_0005,SUBJ001,HIWPIQCMSPPFSCFT,MERETRAFQFDSKM,,,,,24,15,24,15
BC_0024_0006,SUBJ002,HIWPIQCMSPPFSCFT,MERETRAFQFDSKM,,,,,24,15,24,15
BC_0024_0007,SUBJ004,HIWPIQCMSPPFSCFT,MERETRAFQFDSKM,,,,,24,15,24,15
BC_0024_0008,SUBJ005,HIWPIQCMSPPFSCFT,MERETRAFQFDSKM,,,,,24,15,24,15
BC_0024_0009,SUBJ004,HIWPIQCMSPPFSCFT,MERETRAFQFDSKM,,,,,24,15,24,15
BC_0024_0010,SUBJ002,HIWPIQCMSPPFSCFT,MERETRAFQFDSKM,,,,,24,15,24,15
BC_0024_0011,SUBJ007,HIWPIQCMSPPFSCFT,MERETRAFQFDSKM,,,,,24,15,24,15
BC_0024_0012,SUBJ002,HIWPIQCMSPPFSCFT,MERETRAFQFDSKM,,,,,24,15,24,15
BC_0024_0013,SUBJ002,HIWPIQCMSPPFSCFT,MERETRAFQFDSKM,,,,,24,15,24,15
BC_0024_0014,SUBJ008,HIWPIQCMSPPFSCFT,MERETRAFQFDSKM,,,,,24,15,24,15
BC_0025_0000,SUBJ005,LACMCLNNQFI,QWGGGDYPYISWFI,,,,,25,17,25,17
BC_0025_0001,SUBJ008,LACMCLNNQFI,QWGGGDYPYISWFI,,,,,25,17,25,17
BC_0025_0002,SUBJ005,LACMCLNNQFI,QWGGGDYPYISWFI,,,,,25,17,25,17
BC_0025_0003,SUBJ001,LACMCLNNQFI,QWGGGDYPYISWFI,,,,,25,17,25,17
BC_0025_0004,SUBJ008,LACMCLNNQFI,QWGGGDYPYISWFI,,,,,25,17,25,17
BC_0025_0005,SUBJ005,LACMCLNNQFI,QWGGGDYPYISWFI,,,,,25,17,25,17
BC_0025_0006,SUBJ003,LACMCLNNQFI,QWGGGDYPYISWFI,,,,,25,17,25,17
BC_0025_0007,SUBJ002,LACMCLNNQFI,QWGGGDYPYISWFI,,,,,25,17,25,17
BC_0025_0008,SUBJ008,LACMCLNNQFI,QWGGGDYPYISWFI,,,,,25,17,25,17
BC_0025_0009,SUBJ006,LACMCLNNQFI,QWGGGDYPYISWFI,,,,,25,17,25,17
BC_0025_0010,SUBJ005,LACMCLNNQFI,QWGGGDYPYISWFI,,,,,25,17,25,17
BC_0025_0011,SUBJ007,LACMCLNNQFI,QWGGGDYPYISWFI,,,,,25,17,25,17
BC_0025_0012,SUBJ005,LACMCLNNQFI,QWGGGDYPYISWFI,,,,,25,17,25,17
BC_0025_0013,SUBJ008,LACMCLNNQFI,QWGGGDYPYISWFI,,,,,25,17,25,17
BC_0025_0014,SUBJ005,LACMCLNNQFI,QWGGGDYPYISWFI,,,,,25,17,25,17
BC_0025_0015,SUBJ004,LACMCLNNQFI,QWGGGDYPYISWFI,,,,,25,17,25,17
BC_0025_0016,SUBJ007,LACMCLNNQFI,QWGGGDYPYISWFI,,,,,25,17,25,17
BC_0026_0000,SUBJ003,SEIPWNWLLAPKAWCY,SLIYNIHYKFECLRC,,,,,26,14,26,14
BC_0026_0001,SUBJ002,SEIPWNWLLAPKAWCY,SLIYNIHYKFECLRC,,,,,26,14,26,14
BC_0026_0002,SUBJ005,SEIPWNWLLAPKAWCY,SLIYNIHYKFECLRC,,,,,26,14,26,14
BC_0026_0003,SUBJ006,SEIPWNWLLAPKAWCY,SLIYNIHYKFECLRC,,,,,26,14,26,14
BC_0026_0004,SUBJ007,SEIPWNWLLAPKAWCY,SLIYNIHYKFECLRC,,,,,26,14,26,14
BC_0026_0005,SUBJ003,SEIPWNWLLAPKAWCY,SLIYNIHYKFECLRC,,,,,26,14,26,14
BC_0026_0006,SUBJ004,SEIPWNWLLAPKAWCY,SLIYNIHYKFECLRC,,,,,26,14,26,14
BC_0026_0007,SUBJ003,SEIPWNWLLAPKAWCY,SLIYNIHYKFECLRC,,,,,26,14,26,14
BC_0026_0008,SUBJ006,SEIPWNWLLAPKAWCY,SLIYNIHYKFECLRC,,,,,26,14,26,14
BC_0026_0009,SUBJ005,SEIPWNWLLAPKAWCY,SLIYNIHYKFECLRC,,,,,26,14,26,14
BC_0026_0010,SUBJ003,SEIPWNWLLAPKAWCY,SLIYNIHYKFECLRC,,,,,26,14,26,14
BC_0026_0011,SUBJ005,SEIPWNWLLAPKAWCY,SLIYNIHYKFECLRC,,,,,26,14,26,14
BC_0026_0012,SUBJ008,SEIPWNWLLAPKAWCY,SLIYNIHYKFECLRC,,,,,26,14,26,14
BC_0026_0013,SUBJ005,SEIPWNWLLAPKAWCY,SLIYNIHYKFECLRC,,,,,26,14,26,14
BC_0027_0000,SUBJ002,MERDFIPVNDPAKVE,NKWPNEISAYVMY,,,,,27,10,27,10
BC_0027_0001,SUBJ008,MERDFIPVNDPAKVE,NKWPNEISAYVMY,,,,,27,10,27,10
BC_0027_0002,SUBJ005,MERDFIPVNDPAKVE,NKWPNEISAYVMY,,,,,27,10,27,10
BC_0027_0003,SUBJ007,MERDFIPVNDPAKVE,NKWPNEISAYVMY,,,,,27,10,27,10
BC_0027_0004,SUBJ002,MERDFIPVNDPAKVE,NKWPNEISAYVMY,,,,,27,10,27,10
BC_0027_0005,SUBJ003,MERDFIPVNDPAKVE,NKWPNEISAYVMY,,,,,27,10,27,10
BC_0027_0006,SUBJ001,MERDFIPVNDPAKVE,NKWPNEISAYVMY,,,,,27,10,27,10
BC_0027_0007,SUBJ001,MERDFIPVNDPAKVE,NKWPNEISAYVMY,,,,,27,10,27,10
BC_0027_0008,SUBJ005,MERDFIPVNDPAKVE,NKWPNEISAYVMY,,,,,27,10,27,10
BC_0027_0009,SUBJ008,MERDFIPVNDPAKVE,NKWPNEISAYVMY,,,,,27,10,27,10
BC_0028_0000,SUBJ006,EIVFPRNVQW,FQESYQKCNHRRINE,,,,,28,14,28,14
BC_0028_0001,SUBJ001,EIVFPRNVQW,FQESYQKCNHRRINE,,,,,28,14,28,14
BC_0028_0002,SUBJ007,EIVFPRNVQW,FQESYQKCNHRRINE,,,,,28,14,28,14
BC_0028_0003,SUBJ005,EIVFPRNVQW,FQESYQKCNHRRINE,,,,,28,14,28,14
BC_0028_0004,SUBJ004,EIVFPRNVQW,FQESYQKCNHRRINE,,,,,28,14,28,14
BC_0028_0005,SUBJ002,EIVFPRNVQW,FQESYQKCNHRRINE,,,,,28,14,28,14
BC_0028_0006,SUBJ008,EIVFPRNVQW,FQESYQKCNHRRINE,,,,,28,14,28,14
BC_0028_0007,SUBJ002,EIVFPRNVQW,FQESYQKCNHRRINE,,,,,28,14,28,14
BC_0028_0008,SUBJ004,EIVFPRNVQW,FQESYQKCNHRRINE,,,,,28,14,28,14
BC_0028_0009,SUBJ001,EIVFPRNVQW,FQESYQKCNHRRINE,,,,,28,14,28,14
BC_0028_0010,SUBJ001,EIVFPRNVQW,FQESYQKCNHRRINE,,,,,28,14,28,14
BC_0028_0011,SUBJ006,EIVFPRNVQW,FQESYQKCNHRRINE,,,,,28,14,28,14
BC_0028_0012,SUBJ004,EIVFPRNVQW,FQESYQKCNHRRINE,,,,,28,14,28,14
BC_0028_0013,SUBJ003,EIVFPRNVQW,FQESYQKCNHRRINE,,,,,28,14,28,14
BC_0029_0000,SUBJ003,WHDVHWHIMFYAKFFV,GEAFANIWMAGK,,,,,29,4,29,4
BC_0029_0001,SUBJ007,WHDVHWHIMFYAKFFV,GEAFANIWMAGK,,,,,29,4,29,4
BC_0029_0002,SUBJ002,WHDVHWHIMFYAKFFV,GEAFANIWMAGK,,,,,29,4,29,4
BC_0029_0003,SUBJ002,WHDVHWHIMFYAKFFV,GEAFANIWMAGK,,,,,29,4,29,4
BC_0030_0000,SUBJ006,RNTWERTIYCTLR,ACSPQESRDDMYFDF,,,,,30,11,30,11
BC_0030_0001,SUBJ007,RNTWERTIYCTLR,ACSPQESRDDMYFDF,,,,,30,11,30,11
BC_0030_0002,SUBJ005,RNTWERTIYCTLR,ACSPQESRDDMYFDF,,,,,30,11,30,11
BC_0030_0003,SUBJ008,RNTWERTIYCTLR,ACSPQESRDDMYFDF,,,,,30,11,30,11
BC_0030_0004,SUBJ007,RNTWERTIYCTLR,ACSPQESRDDMYFDF,,,,,30,11,30,11
BC_0030_0005,SUBJ002,RNTWERTIYCTLR,ACSPQESRDDMYFDF,,,,,30,11,30,11
BC_0030_0006,SUBJ002,RNTWERTIYCTLR,ACSPQESRDDMYFDF,,,,,30,11,30,11
BC_0030_0007,SUBJ004,RNTWERTIYCTLR,ACSPQESRDDMYFDF,,,,,30,11,30,11
BC_0030_0008,SUBJ007,RNTWERTIYCTLR,ACSPQESRDDMYFDF,,,,,30,11,30,11
BC_0030_0009,SUBJ008,RNTWERTIYCTLR,ACSPQESRDDMYFDF,,,,,30,11,30,11
BC_0030_0010,SUBJ004,RNTWERTIYCTLR,ACSPQESRDDMYFDF,,,,,30,11,30,11
BC_0031_0000,SUBJ006,MRPQEMQMKNFSD,DDQENFVCWV,,,,,31,20,31,20
BC_0031_0001,SUBJ002,MRPQEMQMKNFSD,DDQENFVCWV,,,,,31,20,31,20
BC_0031_0002,SUBJ007,MRPQEMQMKNFSD,DDQENFVCWV,,,,,31,20,31,20
BC_0031_0003,SUBJ006,MRPQEMQMKNFSD,DDQENFVCWV,,,,,31,20,31,20
BC_0031_0004,SUBJ007,MRPQEMQMKNFSD,DDQENFVCWV,,,,,31,20,31,20
BC_0031_0005,SUBJ001,MRPQEMQMKNFSD,DDQENFVCWV,,,,,31,20,31,20
BC_0031_0006,SUBJ005,MRPQEMQMKNFSD,DDQENFVCWV,,,,,31,20,31,20
BC_0031_0007,SUBJ005,MRPQEMQMKNFSD,DDQENFVCWV,,,,,31,20,31,20
BC_0031_0008,SUBJ006,MRPQEMQMKNFSD,DDQENFVCWV,,,,,31,20,31,20
BC_0031_0009,SUBJ002,MRPQEMQMKNFSD,DDQENFVCWV,,,,,31,20,31,20
BC_0031_0010,SUBJ004,MRPQEMQMKNFSD,DDQENFVCWV,,,,,31,20,31,20
BC_0031_0011,SUBJ003,MRPQEMQMKNFSD,DDQENFVCWV,,,,,31,20,31,20
BC_0031_0012,SUBJ008,MRPQEMQMKNFSD,DDQENFVCWV,,,,,31,20,31,20
BC_0031_0013,SUBJ004,MRPQEMQMKNFSD,DDQENFVCWV,,,,,31,20,31,20
BC_0031_0014,SUBJ002,MRPQEMQMKNFSD,DDQENFVCWV,,,,,31,20,31,20
BC_0031_0015,SUBJ006,MRPQEMQMKNFSD,DDQENFVCWV,,,,,31,20,31,20
BC_0031_0016,SUBJ006,MRPQEMQMKNFSD,DDQENFVCWV,,,,,31,20,31,20
BC_0031_0017,SUBJ002,MRPQEMQMKNFSD,DDQENFVCWV,,,,,31,20,31,20
BC_0031_0018,SUBJ005,MRPQEMQMKNFSD,DDQENFVCWV,,,,,31,20,31,20
BC_0031_0019,SUBJ004,MRPQEMQMKNFSD,DDQENFVCWV,,,,,31,20,31,20
BC_0032_0000,SUBJ002,QVYYVAYKAGKLMNAG,FWPDFADTHPQRMGNL,,,,,32,13,32,13
BC_0032_0001,SUBJ001,QVYYVAYKAGKLMNAG,FWPDFADTHPQRMGNL,,,,,32,13,32,13
BC_0032_0002,SUBJ003,QVYYVAYKAGKLMNAG,FWPDFADTHPQRMGNL,,,,,32,13,32,13
BC_0032_0003,SUBJ003,QVYYVAYKAGKLMNAG,FWPDFADTHPQRMGNL,,,,,32,13,32,13
BC_0032_0004,SUBJ001,QVYYVAYKAGKLMNAG,FWPDFADTHPQRMGNL,,,,,32,13,32,13
BC_0032_0005,SUBJ002,QVYYVAYKAGKLMNAG,FWPDFADTHPQRMGNL,,,,,32,13,32,13
BC_0032_0006,SUBJ005,QVYYVAYKAGKLMNAG,FWPDFADTHPQRMGNL,,,,,32,13,32,13
BC_0032_0007,SUBJ008,QVYYVAYKAGKLMNAG,FWPDFADTHPQRMGNL,,,,,32,13,32,13
BC_0032_0008,SUBJ007,QVYYVAYKAGKLMNAG,FWPDFADTHPQRMGNL,,,,,32,13,32,13
BC_0032_0009,SUBJ008,QVYYVAYKAGKLMNAG,FWPDFADTHPQRMGNL,,,,,32,13,32,13
BC_0032_0010,SUBJ008,QVYYVAYKAGKLMNAG,FWPDFADTHPQRMGNL,,,,,32,13,32,13
BC_0032_0011,SUBJ007,QVYYVAYKAGKLMNAG,FWPDFADTHPQRMGNL,,,,,32,13,32,13
BC_0032_0012,SUBJ005,QVYYVAYKAGKLMNAG,FWPDFADTHPQRMGNL,,,,,32,13,32,13
BC_0033_0000,SUBJ001,TENQELWSTLC,PYCAHLHFKLM,,,,,33,6,33,6
BC_0033_0001,SUBJ008,TENQELWSTLC,PYCAHLHFKLM,,,,,33,6,33,6
BC_0033_0002,SUBJ007,TENQELWSTLC,PYCAHLHFKLM,,,,,33,6,33,6
BC_0033_0003,SUBJ003,TENQELWSTLC,PYCAHLHFKLM,,,,,33,6,33,6
BC_0033_0004,SUBJ003,TENQELWSTLC,PYCAHLHFKLM,,,,,33,6,33,6
BC_0033_0005,SUBJ007,TENQELWSTLC,PYCAHLHFKLM,,,,,33,6,33,6
BC_0034_0000,SUBJ007,ITVNDPCQARDMWQ,PQLEPAMGYRNDQE,,,,,34,10,34,10
BC_0034_0001,SUBJ007,ITVNDPCQARDMWQ,PQLEPAMGYRNDQE,,,,,34,10,34,10
BC_0034_0002,SUBJ002,ITVNDPCQARDMWQ,PQLEPAMGYRNDQE,,,,,34,10,34,10
BC_0034_0003,SUBJ007,ITVNDPCQARDMWQ,PQLEPAMGYRNDQE,,,,,34,10,34,10
BC_0034_0004,SUBJ005,ITVNDPCQARDMWQ,PQLEPAMGYRNDQE,,,,,34,10,34,10
BC_0034_0005,SUBJ006,ITVNDPCQARDMWQ,PQLEPAMGYRNDQE,,,,,34,10,34,10
BC_0034_0006,SUBJ004,ITVNDPCQARDMWQ,PQLEPAMGYRNDQE,,,,,34,10,34,10
BC_0034_0007,SUBJ006,ITVNDPCQARDMWQ,PQLEPAMGYRNDQE,,,,,34,10,34,10
BC_0034_0008,SUBJ003,ITVNDPCQARDMWQ,PQLEPAMGYRNDQE,,,,,34,10,34,10
BC_0034_0009,SUBJ002,ITVNDPCQARDMWQ,PQLEPAMGYRNDQE,,,,,34,10,34,10
BC_0035_0000,SUBJ008,ETTHNNFIEFKHGY,DGSRWWRWYMM,,,,,35,7,35,7
BC_0035_0001,SUBJ002,ETTHNNFIEFKHGY,DGSRWWRWYMM,,,,,35,7,35,7
BC_0035_0002,SUBJ008,ETTHNNFIEFKHGY,DGSRWWRWYMM,,,,,35,7,35,7
BC_0035_0003,SUBJ008,ETTHNNFIEFKHGY,DGSRWWRWYMM,,,,,35,7,35,7
BC_0035_0004,SUBJ005,ETTHNNFIEFKHGY,DGSRWWRWYMM,,,,,35,7,35,7
BC_0035_0005,SUBJ005,ETTHNNFIEFKHGY,DGSRWWRWYMM,,,,,35,7,35,7
BC_0035_0006,SUBJ001,ETTHNNFIEFKHGY,DGSRWWRWYMM,,,,,35,7,35,7
BC_0036_0000,SUBJ008,TDLRRCCNLDDY,TPRWVCRWHMYSTF,,,,,36,4,36,4
BC_0036_0001,SUBJ002,TDLRRCCNLDDY,TPRWVCRWHMYSTF,,,,,36,4,36,4
BC_0036_0002,SUBJ006,TDLRRCCNLDDY,TPRWVCRWHMYSTF,,,,,36,4,36,4
BC_0036_0003,SUBJ002,TDLRRCCNLDDY,TPRWVCRWHMYSTF,,,,,36,4,36,4
BC_0037_0000,SUBJ006,GCIRRTTYGNNLPQ,MYCMDMEVPLKYFMDW,,,,,37,7,37,7
BC_0037_0001,SUBJ005,GCIRRTTYGNNLPQ,MYCMDMEVPLKYFMDW,,,,,37,7,37,7
BC_0037_0002,SUBJ007,GCIRRTTYGNNLPQ,MYCMDMEVPLKYFMDW,,,,,37,7,37,7
BC_0037_0003,SUBJ003,GCIRRTTYGNNLPQ,MYCMDMEVPLKYFMDW,,,,,37,7,37,7
BC_0037_0004,SUBJ002,GCIRRTTYGNNLPQ,MYCMDMEVPLKYFMDW,,,,,37,7,37,7
BC_0037_0005,SUBJ005,GCIRRTTYGNNLPQ,MYCMDMEVPLKYFMDW,,,,,37,7,37,7
BC_0037_0006,SUBJ007,GCIRRTTYGNNLPQ,MYCMDMEVPLKYFMDW,,,,,37,7,37,7
BC_0038_0000,SUBJ007,MFTDQTNANLGHMSH,FFDLETVTCMY,,,,,38,7,38,7
BC_0038_0001,SUBJ003,MFTDQTNANLGHMSH,FFDLETVTCMY,,,,,38,7,38,7
BC_0038_0002,SUBJ003,MFTDQTNANLGHMSH,FFDLETVTCMY,,,,,38,7,38,7
BC_0038_0003,SUBJ003,MFTDQTNANLGHMSH,FFDLETVTCMY,,,,,38,7,38,7
BC_0038_0004,SUBJ003,MFTDQTNANLGHMSH,FFDLETVTCMY,,,,,38,7,38,7
BC_0038_0005,SUBJ008,MFTDQTNANLGHMSH,FFDLETVTCMY,,,,,38,7,38,7
BC_0038_0006,SUBJ001,MFTDQTNANLGHMSH,FFDLETVTCMY,,,,,38,7,38,7
BC_0039_0000,SUBJ002,NIRYLRIVILSHN,WRRLPTTQGHYFKCS,,,,,39,14,39,14
BC_0039_0001,SUBJ002,NIRYLRIVILSHN,WRRLPTTQGHYFKCS,,,,,39,14,39,14
BC_0039_0002,SUBJ005,NIRYLRIVILSHN,WRRLPTTQGHYFKCS,,,,,39,14,39,14
BC_0039_0003,SUBJ002,NIRYLRIVILSHN,WRRLPTTQGHYFKCS,,,,,39,14,39,14
BC_0039_0004,SUBJ003,NIRYLRIVILSHN,WRRLPTTQGHYFKCS,,,,,39,14,39,14
BC_0039_0005,SUBJ005,NIRYLRIVILSHN,WRRLPTTQGHYFKCS,,,,,39,14,39,14
BC_0039_0006,SUBJ008,NIRYLRIVILSHN,WRRLPTTQGHYFKCS,,,,,39,14,39,14
BC_0039_0007,SUBJ003,NIRYLRIVILSHN,WRRLPTTQGHYFKCS,,,,,39,14,39,14
BC_0039_0008,SUBJ007,NIRYLRIVILSHN,WRRLPTTQGHYFKCS,,,,,39,14,39,14
BC_0039_0009,SUBJ002,NIRYLRIVILSHN,WRRLPTTQGHYFKCS,,,,,39,14,39,14
BC_0039_0010,SUBJ004,NIRYLRIVILSHN,WRRLPTTQGHYFKCS,,,,,39,14,39,14
BC_0039_0011,SUBJ008,NIRYLRIVILSHN,WRRLPTTQGHYFKCS,,,,,39,14,39,14
BC_0039_0012,SUBJ006,NIRYLRIVILSHN,WRRLPTTQGHYFKCS,,,,,39,14,39,14
BC_0039_0013,SUBJ001,NIRYLRIVILSHN,WRRLPTTQGHYFKCS,,,,,39,14,39,14
BC_0040_0000,SUBJ007,CPTNIPDNIAMEM,FFCLSFSRYADAKHFV,,,,,40,19,40,19
BC_0040_0001,SUBJ002,CPTNIPDNIAMEM,FFCLSFSRYADAKHFV,,,,,40,19,40,19
BC_0040_0002,SUBJ005,CPTNIPDNIAMEM,FFCLSFSRYADAKHFV,,,,,40,19,40,19
BC_0040_0003,SUBJ004,CPTNIPDNIAMEM,FFCLSFSRYADAKHFV,,,,,40,19,40,19
BC_0040_0004,SUBJ005,CPTNIPDNIAMEM,FFCLSFSRYADAKHFV,,,,,40,19,40,19
BC_0040_0005,SUBJ002,CPTNIPDNIAMEM,FFCLSFSRYADAKHFV,,,,,40,19,40,19
BC_0040_0006,SUBJ001,CPTNIPDNIAMEM,FFCLSFSRYADAKHFV,,,,,40,19,40,19
BC_0040_0007,SUBJ004,CPTNIPDNIAMEM,FFCLSFSRYADAKHFV,,,,,40,19,40,19
BC_0040_0008,SUBJ007,CPTNIPDNIAMEM,FFCLSFSRYADAKHFV,,,,,40,19,40,19
BC_0040_0009,SUBJ008,CPTNIPDNIAMEM,FFCLSFSRYADAKHFV,,,,,40,19,40,19
BC_0040_0010,SUBJ002,CPTNIPDNIAMEM,FFCLSFSRYADAKHFV,,,,,40,19,40,19
BC_0040_0011,SUBJ002,CPTNIPDNIAMEM,FFCLSFSRYADAKHFV,,,,,40,19,40,19
BC_0040_0012,SUBJ008,CPTNIPDNIAMEM,FFCLSFSRYADAKHFV,,,,,40,19,40,19
BC_0040_0013,SUBJ001,CPTNIPDNIAMEM,FFCLSFSRYADAKHFV,,,,,40,19,40,19
BC_0040_0014,SUBJ004,CPTNIPDNIAMEM,FFCLSFSRYADAKHFV,,,,,40,19,40,19
BC_0040_0015,SUBJ003,CPTNIPDNIAMEM,FFCLSFSRYADAKHFV,,,,,40,19,40,19
BC_0040_0016,SUBJ005,CPTNIPDNIAMEM,FFCLSFSRYADAKHFV,,,,,40,19,40,19
BC_0040_0017,SUBJ007,CPTNIPDNIAMEM,FFCLSFSRYADAKHFV,,,,,40,19,40,19
BC_0040_0018,SUBJ001,CPTNIPDNIAMEM,FFCLSFSRYADAKHFV,,,,,40,19,40,19
BC_0041_0000,SUBJ002,NIWQGDTNDTVTTV,PSCPNKANDN,,,,,41,10,41,10
BC_0041_0001,SUBJ006,NIWQGDTNDTVTTV,PSCPNKANDN,,,,,41,10,41,10
BC_0041_0002,SUBJ003,NIWQGDTNDTVTTV,PSCPNKANDN,,,,,41,10,41,10
BC_0041_0003,SUBJ001,NIWQGDTNDTVTTV,PSCPNKANDN,,,,,41,10,41,10
BC_0041_0004,SUBJ006,NIWQGDTNDTVTTV,PSCPNKANDN,,,,,41,10,41,10
BC_0041_0005,SUBJ006,NIWQGDTNDTVTTV,PSCPNKANDN,,,,,41,10,41,10
BC_0041_0006,SUBJ003,NIWQGDTNDTVTTV,PSCPNKANDN,,,,,41,10,41,10
BC_0041_0007,SUBJ008,NIWQGDTNDTVTTV,PSCPNKANDN,,,,,41,10,41,10
BC_0041_0008,SUBJ008,NIWQGDTNDTVTTV,PSCPNKANDN,,,,,41,10,41,10
BC_0041_0009,SUBJ003,NIWQGDTNDTVTTV,PSCPNKANDN,,,,,41,10,41,10
BC_0042_0000,SUBJ007,FDRCLHCHCMLTPVSK,HLNCMKENQP,,,,,42,17,42,17
BC_0042_0001,SUBJ006,FDRCLHCHCMLTPVSK,HLNCMKENQP,,,,,42,17,42,17
BC_0042_0002,SUBJ003,FDRCLHCHCMLTPVSK,HLNCMKENQP,,,,,42,17,42,17
BC_0042_0003,SUBJ008,FDRCLHCHCMLTPVSK,HLNCMKENQP,,,,,42,17,42,17
BC_0042_0004,SUBJ008,FDRCLHCHCMLTPVSK,HLNCMKENQP,,,,,42,17,42,17
BC_0042_0005,SUBJ006,FDRCLHCHCMLTPVSK,HLNCMKENQP,,,,,42,17,42,17
BC_0042_0006,SUBJ005,FDRCLHCHCMLTPVSK,HLNCMKENQP,,,,,42,17,42,17
BC_0042_0007,SUBJ002,FDRCLHCHCMLTPVSK,HLNCMKENQP,,,,,42,17,42,17
BC_0042_0008,SUBJ007,FDRCLHCHCMLTPVSK,HLNCMKENQP,,,,,42,17,42,17
BC_0042_0009,SUBJ002,FDRCLHCHCMLTPVSK,HLNCMKENQP,,,,,42,17,42,17
BC_0042_0010,SUBJ007,FDRCLHCHCMLTPVSK,HLNCMKENQP,,,,,42,17,42,17
BC_0042_0011,SUBJ003,FDRCLHCHCMLTPVSK,HLNCMKENQP,,,,,42,17,42,17
BC_0042_0012,SUBJ005,FDRCLHCHCMLTPVSK,HLNCMKENQP,,,,,42,17,42,17
BC_0042_0013,SUBJ006,FDRCLHCHCMLTPVSK,HLNCMKENQP,,,,,42,17,42,17
BC_0042_0014,SUBJ002,FDRCLHCHCMLTPVSK,HLNCMKENQP,,,,,42,17,42,17
BC_0042_0015,SUBJ002,FDRCLHCHCMLTPVSK,HLNCMKENQP,,,,,42,17,42,17
BC_0042_0016,SUBJ006,FDRCLHCHCMLTPVSK,HLNCMKENQP,,,,,42,17,42,17
BC_0043_0000,SUBJ004,LLRYQGRNRCNYQKC,PNTGAFYRCF,,,,,43,5,43,5
BC_0043_0001,SUBJ006,LLRYQGRNRCNYQKC,PNTGAFYRCF,,,,,43,5,43,5
BC_0043_0002,SUBJ006,LLRYQGRNRCNYQKC,PNTGAFYRCF,,,,,43,5,43,5
BC_0043_0003,SUBJ007,LLRYQGRNRCNYQKC,PNTGAFYRCF,,,,,43,5,43,5
BC_0043_0004,SUBJ001,LLRYQGRNRCNYQKC,PNTGAFYRCF,,,,,43,5,43,5
BC_0044_0000,SUBJ005,FRNNRDWFTNPMKI,AGSTPVEKKR,,,,,44,9,44,9
BC_0044_0001,SUBJ008,FRNNRDWFTNPMKI,AGSTPVEKKR,,,,,44,9,44,9
BC_0044_0002,SUBJ004,FRNNRDWFTNPMKI,AGSTPVEKKR,,,,,44,9,44,9
BC_0044_0003,SUBJ002,FRNNRDWFTNPMKI,AGSTPVEKKR,,,,,44,9,44,9
BC_0044_0004,SUBJ003,FRNNRDWFTNPMKI,AGSTPVEKKR,,,,,44,9,44,9
BC_0044_0005,SUBJ002,FRNNRDWFTNPMKI,AGSTPVEKKR,,,,,44,9,44,9
BC_0044_0006,SUBJ008,FRNNRDWFTNPMKI,AGSTPVEKKR,,,,,44,9,44,9
BC_0044_0007,SUBJ003,FRNNRDWFTNPMKI,AGSTPVEKKR,,,,,44,9,44,9
BC_0044_0008,SUBJ008,FRNNRDWFTNPMKI,AGSTPVEKKR,,,,,44,9,44,9
BC_0045_0000,SUBJ002,MNDVVLLGGN,IEHFISANVWNRVF,,,,,45,5,45,5
BC_0045_0001,SUBJ005,MNDVVLLGGN,IEHFISANVWNRVF,,,,,45,5,45,5
BC_0045_0002,SUBJ007,MNDVVLLGGN,IEHFISANVWNRVF,,,,,45,5,45,5
BC_0045_0003,SUBJ008,MNDVVLLGGN,IEHFISANVWNRVF,,,,,45,5,45,5
BC_0045_0004,SUBJ007,MNDVVLLGGN,IEHFISANVWNRVF,,,,,45,5,45,5
BC_0046_0000,SUBJ005,QWDFMDRRTNFVWGFQ,CETFLGGMINTLDK,,,,,46,9,46,9
BC_0046_0001,SUBJ003,QWDFMDRRTNFVWGFQ,CETFLGGMINTLDK,,,,,46,9,46,9
BC_0046_0002,SUBJ005,QWDFMDRRTNFVWGFQ,CETFLGGMINTLDK,,,,,46,9,46,9
BC_0046_0003,SUBJ002,QWDFMDRRTNFVWGFQ,CETFLGGMINTLDK,,,,,46,9,46,9
BC_0046_0004,SUBJ003,QWDFMDRRTNFVWGFQ,CETFLGGMINTLDK,,,,,46,9,46,9
BC_0046_0005,SUBJ003,QWDFMDRRTNFVWGFQ,CETFLGGMINTLDK,,,,,46,9,46,9
BC_0046_0006,SUBJ003,QWDFMDRRTNFVWGFQ,CETFLGGMINTLDK,,,,,46,9,46,9
BC_0046_0007,SUBJ006,QWDFMDRRTNFVWGFQ,CETFLGGMINTLDK,,,,,46,9,46,9
BC_0046_0008,SUBJ001,QWDFMDRRTNFVWGFQ,CETFLGGMINTLDK,,,,,46,9,46,9
BC_0047_0000,SUBJ007,ADCWKHWQYASVLLSI,PLRDCGRQSRHMYFMM,,,,,47,14,47,14
BC_0047_0001,SUBJ003,ADCWKHWQYASVLLSI,PLRDCGRQSRHMYFMM,,,,,47,14,47,14
BC_0047_0002,SUBJ006,ADCWKHWQYASVLLSI,PLRDCGRQSRHMYFMM,,,,,47,14,47,14
BC_0047_0003,SUBJ002,ADCWKHWQYASVLLSI,PLRDCGRQSRHMYFMM,,,,,47,14,47,14
BC_0047_0004,SUBJ006,ADCWKHWQYASVLLSI,PLRDCGRQSRHMYFMM,,,,,47,14,47,14
BC_0047_0005,SUBJ004,ADCWKHWQYASVLLSI,PLRDCGRQSRHMYFMM,,,,,47,14,47,14
BC_0047_0006,SUBJ008,ADCWKHWQYASVLLSI,PLRDCGRQSRHMYFMM,,,,,47,14,47,14
BC_0047_0007,SUBJ002,ADCWKHWQYASVLLSI,PLRDCGRQSRHMYFMM,,,,,47,14,47,14
BC_0047_0008,SUBJ005,ADCWKHWQYASVLLSI,PLRDCGRQSRHMYFMM,,,,,47,14,47,14
BC_0047_0009,SUBJ008,ADCWKHWQYASVLLSI,PLRDCGRQSRHMYFMM,,,,,47,14,47,14
BC_0047_0010,SUBJ004,ADCWKHWQYASVLLSI,PLRDCGRQSRHMYFMM,,,,,47,14,47,14
BC_0047_0011,SUBJ003,ADCWKHWQYASVLLSI,PLRDCGRQSRHMYFMM,,,,,47,14,47,14
BC_0047_0012,SUBJ002,ADCWKHWQYASVLLSI,PLRDCGRQSRHMYFMM,,,,,47,14,47,14
BC_0047_0013,SUBJ001,ADCWKHWQYASVLLSI,PLRDCGRQSRHMYFMM,,,,,47,14,47,14
BC_0048_0000,SUBJ005,PYQIGMWMHGST,SLSADPTRIHWNC,,,,,48,4,48,4
BC_0048_0001,SUBJ008,PYQIGMWMHGST,SLSADPTRIHWNC,,,,,48,4,48,4
BC_0048_0002,SUBJ008,PYQIGMWMHGST,SLSADPTRIHWNC,,,,,48,4,48,4
BC_0048_0003,SUBJ005,PYQIGMWMHGST,SLSADPTRIHWNC,,,,,48,4,48,4
BC_0049_0000,SUBJ007,AEQFKNPNCPCWVH,VLDPTRVKYYEF,,,,,49,6,49,6
BC_0049_0001,SUBJ006,AEQFKNPNCPCWVH,VLDPTRVKYYEF,,,,,49,6,49,6
BC_0049_0002,SUBJ006,AEQFKNPNCPCWVH,VLDPTRVKYYEF,,,,,49,6,49,6
BC_0049_0003,SUBJ006,AEQFKNPNCPCWVH,VLDPTRVKYYEF,,,,,49,6,49,6
BC_0049_0004,SUBJ003,AEQFKNPNCPCWVH,VLDPTRVKYYEF,,,,,49,6,49,6
BC_0049_0005,SUBJ004,AEQFKNPNCPCWVH,VLDPTRVKYYEF,,,,,49,6,49,6
BC_0050_0000,SUBJ008,TPTCCCFMSTRFYT,MYMGPYLWMTT,,,,,50,20,50,20
BC_0050_0001,SUBJ005,TPTCCCFMSTRFYT,MYMGPYLWMTT,,,,,50,20,50,20
BC_0050_0002,SUBJ008,TPTCCCFMSTRFYT,MYMGPYLWMTT,,,,,50,20,50,20
BC_0050_0003,SUBJ001,TPTCCCFMSTRFYT,MYMGPYLWMTT,,,,,50,20,50,20
BC_0050_0004,SUBJ006,TPTCCCFMSTRFYT,MYMGPYLWMTT,,,,,50,20,50,20
BC_0050_0005,SUBJ006,TPTCCCFMSTRFYT,MYMGPYLWMTT,,,,,50,20,50,20
BC_0050_0006,SUBJ002,TPTCCCFMSTRFYT,MYMGPYLWMTT,,,,,50,20,50,20
BC_0050_0007,SUBJ007,TPTCCCFMSTRFYT,MYMGPYLWMTT,,,,,50,20,50,20
BC_0050_0008,SUBJ005,TPTCCCFMSTRFYT,MYMGPYLWMTT,,,,,50,20,50,20
BC_0050_0009,SUBJ001,TPTCCCFMSTRFYT,MYMGPYLWMTT,,,,,50,20,50,20
BC_0050_0010,SUBJ008,TPTCCCFMSTRFYT,MYMGPYLWMTT,,,,,50,20,50,20
BC_0050_0011,SUBJ005,TPTCCCFMSTRFYT,MYMGPYLWMTT,,,,,50,20,50,20
BC_0050_0012,SUBJ004,TPTCCCFMSTRFYT,MYMGPYLWMTT,,,,,50,20,50,20
BC_0050_0013,SUBJ001,TPTCCCFMSTRFYT,MYMGPYLWMTT,,,,,50,20,50,20
BC_0050_0014,SUBJ008,TPTCCCFMSTRFYT,MYMGPYLWMTT,,,,,50,20,50,20
BC_0050_0015,SUBJ003,TPTCCCFMSTRFYT,MYMGPYLWMTT,,,,,50,20,50,20
BC_0050_0016,SUBJ007,TPTCCCFMSTRFYT,MYMGPYLWMTT,,,,,50,20,50,20
BC_0050_0017,SUBJ003,TPTCCCFMSTRFYT,MYMGPYLWMTT,,,,,50,20,50,20
BC_0050_0018,SUBJ004,TPTCCCFMSTRFYT,MYMGPYLWMTT,,,,,50,20,50,20
BC_0050_0019,SUBJ001,TPTCCCFMSTRFYT,MYMGPYLWMTT,,,,,50,20,50,20
BC_0051_0000,SUBJ008,EHARMQFQHQTYSC,FTHVMSTPMGRVMVN,,,,,51,11,51,11
BC_0051_0001,SUBJ004,EHARMQFQHQTYSC,FTHVMSTPMGRVMVN,,,,,51,11,51,11
BC_0051_0002,SUBJ004,EHARMQFQHQTYSC,FTHVMSTPMGRVMVN,,,,,51,11,51,11
BC_0051_0003,SUBJ005,EHARMQFQHQTYSC,FTHVMSTPMGRVMVN,,,,,51,11,51,11
BC_0051_0004,SUBJ005,EHARMQFQHQTYSC,FTHVMSTPMGRVMVN,,,,,51,11,51,11
BC_0051_0005,SUBJ004,EHARMQFQHQTYSC,FTHVMSTPMGRVMVN,,,,,51,11,51,11
BC_0051_0006,SUBJ005,EHARMQFQHQTYSC,FTHVMSTPMGRVMVN,,,,,51,11,51,11
BC_0051_0007,SUBJ005,EHARMQFQHQTYSC,FTHVMSTPMGRVMVN,,,,,51,11,51,11
BC_0051_0008,SUBJ004,EHARMQFQHQTYSC,FTHVMSTPMGRVMVN,,,,,51,11,51,11
BC_0051_0009,SUBJ008,EHARMQFQHQTYSC,FTHVMSTPMGRVMVN,,,,,51,11,51,11
BC_0051_0010,SUBJ006,EHARMQFQHQTYSC,FTHVMSTPMGRVMVN,,,,,51,11,51,11
BC_0052_0000,SUBJ004,NVKLEWVPPNFLC,DNRKSHHVKVKF,,,,,52,6,52,6
BC_0052_0001,SUBJ004,NVKLEWVPPNFLC,DNRKSHHVKVKF,,,,,52,6,52,6
BC_0052_0002,SUBJ001,NVKLEWVPPNFLC,DNRKSHHVKVKF,,,,,52,6,52,6
BC_0052_0003,SUBJ004,NVKLEWVPPNFLC,DNRKSHHVKVKF,,,,,52,6,52,6
BC_0052_0004,SUBJ004,NVKLEWVPPNFLC,DNRKSHHVKVKF,,,,,52,6,52,6
BC_0052_0005,SUBJ001,NVKLEWVPPNFLC,DNRKSHHVKVKF,,,,,52,6,52,6
BC_0053_0000,SUBJ007,QMSEFAVGQS,HLMLCDWIVCGQG,,,,,53,4,53,4
BC_0053_0001,SUBJ008,QMSEFAVGQS,HLMLCDWIVCGQG,,,,,53,4,53,4
BC_0053_0002,SUBJ003,QMSEFAVGQS,HLMLCDWIVCGQG,,,,,53,4,53,4
BC_0053_0003,SUBJ005,QMSEFAVGQS,HLMLCDWIVCGQG,,,,,53,4,53,4
BC_0054_0000,SUBJ004,ALWYEMLRVT,FTRKHEMGRKGAM,,,,,54,12,54,12
BC_0054_0001,SUBJ003,ALWYEMLRVT,FTRKHEMGRKGAM,,,,,54,12,54,12
BC_0054_0002,SUBJ007,ALWYEMLRVT,FTRKHEMGRKGAM,,,,,54,12,54,12
BC_0054_0003,SUBJ007,ALWYEMLRVT,FTRKHEMGRKGAM,,,,,54,12,54,12
BC_0054_0004,SUBJ006,ALWYEMLRVT,FTRKHEMGRKGAM,,,,,54,12,54,12
BC_0054_0005,SUBJ002,ALWYEMLRVT,FTRKHEMGRKGAM,,,,,54,12,54,12
BC_0054_0006,SUBJ007,ALWYEMLRVT,FTRKHEMGRKGAM,,,,,54,12,54,12
BC_0054_0007,SUBJ002,ALWYEMLRVT,FTRKHEMGRKGAM,,,,,54,12,54,12
BC_0054_0008,SUBJ003,ALWYEMLRVT,FTRKHEMGRKGAM,,,,,54,12,54,12
BC_0054_0009,SUBJ003,ALWYEMLRVT,FTRKHEMGRKGAM,,,,,54,12,54,12
BC_0054_0010,SUBJ008,ALWYEMLRVT,FTRKHEMGRKGAM,,,,,54,12,54,12
BC_0054_0011,SUBJ006,ALWYEMLRVT,FTRKHEMGRKGAM,,,,,54,12,54,12
BC_0055_0000,SUBJ004,AKPIRKMLWWA,NICERLGPTLEL,,,,,55,14,55,14
BC_0055_0001,SUBJ004,AKPIRKMLWWA,NICERLGPTLEL,,,,,55,14,55,14
BC_0055_0002,SUBJ003,AKPIRKMLWWA,NICERLGPTLEL,,,,,55,14,55,14
BC_0055_0003,SUBJ008,AKPIRKMLWWA,NICERLGPTLEL,,,,,55,14,55,14
BC_0055_0004,SUBJ003,AKPIRKMLWWA,NICERLGPTLEL,,,,,55,14,55,14
BC_0055_0005,SUBJ008,AKPIRKMLWWA,NICERLGPTLEL,,,,,55,14,55,14
BC_0055_0006,SUBJ006,AKPIRKMLWWA,NICERLGPTLEL,,,,,55,14,55,14
BC_0055_0007,SUBJ007,AKPIRKMLWWA,NICERLGPTLEL,,,,,55,14,55,14
BC_0055_0008,SUBJ008,AKPIRKMLWWA,NICERLGPTLEL,,,,,55,14,55,14
BC_0055_0009,SUBJ004,AKPIRKMLWWA,NICERLGPTLEL,,,,,55,14,55,14
BC_0055_0010,SUBJ004,AKPIRKMLWWA,NICERLGPTLEL,,,,,55,14,55,14
BC_0055_0011,SUBJ002,AKPIRKMLWWA,NICERLGPTLEL,,,,,55,14,55,14
BC_0055_0012,SUBJ008,AKPIRKMLWWA,NICERLGPTLEL,,,,,55,14,55,14
BC_0055_0013,SUBJ006,AKPIRKMLWWA,NICERLGPTLEL,,,,,55,14,55,14
BC_0056_0000,SUBJ007,WECVTHWVFG,TREHWSDTRCRF,,,,,56,19,56,19
BC_0056_0001,SUBJ008,WECVTHWVFG,TREHWSDTRCRF,,,,,56,19,56,19
BC_0056_0002,SUBJ001,WECVTHWVFG,TREHWSDTRCRF,,,,,56,19,56,19
BC_0056_0003,SUBJ008,WECVTHWVFG,TREHWSDTRCRF,,,,,56,19,56,19
BC_0056_0004,SUBJ005,WECVTHWVFG,TREHWSDTRCRF,,,,,56,19,56,19
BC_0056_0005,SUBJ001,WECVTHWVFG,TREHWSDTRCRF,,,,,56,19,56,19
BC_0056_0006,SUBJ007,WECVTHWVFG,TREHWSDTRCRF,,,,,56,19,56,19
BC_0056_0007,SUBJ005,WECVTHWVFG,TREHWSDTRCRF,,,,,56,19,56,19
BC_0056_0008,SUBJ001,WECVTHWVFG,TREHWSDTRCRF,,,,,56,19,56,19
BC_0056_0009,SUBJ004,WECVTHWVFG,TREHWSDTRCRF,,,,,56,19,56,19
BC_0056_0010,SUBJ002,WECVTHWVFG,TREHWSDTRCRF,,,,,56,19,56,19
BC_0056_0011,SUBJ001,WECVTHWVFG,TREHWSDTRCRF,,,,,56,19,56,19
BC_0056_0012,SUBJ007,WECVTHWVFG,TREHWSDTRCRF,,,,,56,19,56,19
BC_0056_0013,SUBJ006,WECVTHWVFG,TREHWSDTRCRF,,,,,56,19,56,19
BC_0056_0014,SUBJ002,WECVTHWVFG,TREHWSDTRCRF,,,,,56,19,56,19
BC_0056_0015,SUBJ001,WECVTHWVFG,TREHWSDTRCRF,,,,,56,19,56,19
BC_0056_0016,SUBJ002,WECVTHWVFG,TREHWSDTRCRF,,,,,56,19,56,19
BC_0056_0017,SUBJ008,WECVTHWVFG,TREHWSDTRCRF,,,,,56,19,56,19
BC_0056_0018,SUBJ001,WECVTHWVFG,TREHWSDTRCRF,,,,,56,19,56,19
BC_0057_0000,SUBJ004,QGFQNPRPPDVF,NEGVPTFIAALRVQV,,,,,57,15,57,15
BC_0057_0001,SUBJ004,QGFQNPRPPDVF,NEGVPTFIAALRVQV,,,,,57,15,57,15
BC_0057_0002,SUBJ008,QGFQNPRPPDVF,NEGVPTFIAALRVQV,,,,,57,15,57,15
BC_0057_0003,SUBJ006,QGFQNPRPPDVF,NEGVPTFIAALRVQV,,,,,57,15,57,15
BC_0057_0004,SUBJ003,QGFQNPRPPDVF,NEGVPTFIAALRVQV,,,,,57,15,57,15
BC_0057_0005,SUBJ005,QGFQNPRPPDVF,NEGVPTFIAALRVQV,,,,,57,15,57,15
BC_0057_0006,SUBJ004,QGFQNPRPPDVF,NEGVPTFIAALRVQV,,,,,57,15,57,15
BC_0057_0007,SUBJ002,QGFQNPRPPDVF,NEGVPTFIAALRVQV,,,,,57,15,57,15
BC_0057_0008,SUBJ001,QGFQNPRPPDVF,NEGVPTFIAALRVQV,,,,,57,15,57,15
BC_0057_0009,SUBJ007,QGFQNPRPPDVF,NEGVPTFIAALRVQV,,,,,57,15,57,15
BC_0057_0010,SUBJ001,QGFQNPRPPDVF,NEGVPTFIAALRVQV,,,,,57,15,57,15
BC_0057_0011,SUBJ004,QGFQNPRPPDVF,NEGVPTFIAALRVQV,,,,,57,15,57,15
BC_0057_0012,SUBJ004,QGFQNPRPPDVF,NEGVPTFIAALRVQV,,,,,57,15,57,15
BC_0057_0013,SUBJ002,QGFQNPRPPDVF,NEGVPTFIAALRVQV,,,,,57,15,57,15
BC_0057_0014,SUBJ002,QGFQNPRPPDVF,NEGVPTFIAALRVQV,,,,,57,15,57,15
BC_0058_0000,SUBJ005,CRYCICPRIVHCFT,IWMWYMILFTIQ,,,,,58,12,58,12
BC_0058_0001,SUBJ001,CRYCICPRIVHCFT,IWMWYMILFTIQ,,,,,58,12,58,12
BC_0058_0002,SUBJ003,CRYCICPRIVHCFT,IWMWYMILFTIQ,,,,,58,12,58,12
BC_0058_0003,SUBJ007,CRYCICPRIVHCFT,IWMWYMILFTIQ,,,,,58,12,58,12
BC_0058_0004,SUBJ008,CRYCICPRIVHCFT,IWMWYMILFTIQ,,,,,58,12,58,12
BC_0058_0005,SUBJ001,CRYCICPRIVHCFT,IWMWYMILFTIQ,,,,,58,12,58,12
BC_0058_0006,SUBJ006,CRYCICPRIVHCFT,IWMWYMILFTIQ,,,,,58,12,58,12
BC_0058_0007,SUBJ007,CRYCICPRIVHCFT,IWMWYMILFTIQ,,,,,58,12,58,12
BC_0058_0008,SUBJ006,CRYCICPRIVHCFT,IWMWYMILFTIQ,,,,,58,12,58,12
BC_0058_0009,SUBJ007,CRYCICPRIVHCFT,IWMWYMILFTIQ,,,,,58,12,58,12
BC_0058_0010,SUBJ007,CRYCICPRIVHCFT,IWMWYMILFTIQ,,,,,58,12,58,12
BC_0058_0011,SUBJ003,CRYCICPRIVHCFT,IWMWYMILFTIQ,,,,,58,12,58,12
BC_0059_0000,SUBJ001,PGVSIILFRCVQ,VTFPIKHMDRNDV,,,,,59,9,59,9
BC_0059_0001,SUBJ005,PGVSIILFRCVQ,VTFPIKHMDRNDV,,,,,59,9,59,9
BC_0059_0002,SUBJ007,PGVSIILFRCVQ,VTFPIKHMDRNDV,,,,,59,9,59,9
BC_0059_0003,SUBJ001,PGVSIILFRCVQ,VTFPIKHMDRNDV,,,,,59,9,59,9
BC_0059_0004,SUBJ002,PGVSIILFRCVQ,VTFPIKHMDRNDV,,,,,59,9,59,9
BC_0059_0005,SUBJ004,PGVSIILFRCVQ,VTFPIKHMDRNDV,,,,,59,9,59,9
BC_0059_0006,SUBJ004,PGVSIILFRCVQ,VTFPIKHMDRNDV,,,,,59,9,59,9
BC_0059_0007,SUBJ008,PGVSIILFRCVQ,VTFPIKHMDRNDV,,,,,59,9,59,9
BC_0059_0008,SUBJ004,PGVSIILFRCVQ,VTFPIKHMDRNDV,,,,,59,9,59,9
BC_0060_0000,SUBJ007,MLAHHESIYHPIVMLP,VNLKNTSRESMHN,,,,,60,13,60,13
BC_0060_0001,SUBJ001,MLAHHESIYHPIVMLP,VNLKNTSRESMHN,,,,,60,13,60,13
BC_0060_0002,SUBJ004,MLAHHESIYHPIVMLP,VNLKNTSRESMHN,,,,,60,13,60,13
BC_0060_0003,SUBJ003,MLAHHESIYHPIVMLP,VNLKNTSRESMHN,,,,,60,13,60,13
BC_0060_0004,SUBJ001,MLAHHESIYHPIVMLP,VNLKNTSRESMHN,,,,,60,13,60,13
BC_0060_0005,SUBJ005,MLAHHESIYHPIVMLP,VNLKNTSRESMHN,,,,,60,13,60,13
BC_0060_0006,SUBJ007,MLAHHESIYHPIVMLP,VNLKNTSRESMHN,,,,,60,13,60,13
BC_0060_0007,SUBJ005,MLAHHESIYHPIVMLP,VNLKNTSRESMHN,,,,,60,13,60,13
BC_0060_0008,SUBJ003,MLAHHESIYHPIVMLP,VNLKNTSRESMHN,,,,,60,13,60,13
BC_0060_0009,SUBJ004,MLAHHESIYHPIVMLP,VNLKNTSRESMHN,,,,,60,13,60,13
BC_0060_0010,SUBJ006,MLAHHESIYHPIVMLP,VNLKNTSRESMHN,,,,,60,13,60,13
BC_0060_0011,SUBJ004,MLAHHESIYHPIVMLP,VNLKNTSRESMHN,,,,,60,13,60,13
BC_0060_0012,SUBJ007,MLAHHESIYHPIVMLP,VNLKNTSRESMHN,,,,,60,13,60,13
BC_0061_0000,SUBJ001,ISVMKSSRGNGFVS,VCTCDCAQFID,,,,,61,7,61,7
BC_0061_0001,SUBJ004,ISVMKSSRGNGFVS,VCTCDCAQFID,,,,,61,7,61,7
BC_0061_0002,SUBJ008,ISVMKSSRGNGFVS,VCTCDCAQFID,,,,,61,7,61,7
BC_0061_0003,SUBJ006,ISVMKSSRGNGFVS,VCTCDCAQFID,,,,,61,7,61,7
BC_0061_0004,SUBJ001,ISVMKSSRGNGFVS,VCTCDCAQFID,,,,,61,7,61,7
BC_0061_0005,SUBJ008,ISVMKSSRGNGFVS,VCTCDCAQFID,,,,,61,7,61,7
BC_0061_0006,SUBJ008,ISVMKSSRGNGFVS,VCTCDCAQFID,,,,,61,7,61,7
BC_0062_0000,SUBJ005,AVVQAATKVL,TQGEETFIHY,,,,,62,19,62,19
BC_0062_0001,SUBJ006,AVVQAATKVL,TQGEETFIHY,,,,,62,19,62,19
BC_0062_0002,SUBJ005,AVVQAATKVL,TQGEETFIHY,,,,,62,19,62,19
BC_0062_0003,SUBJ007,AVVQAATKVL,TQGEETFIHY,,,,,62,19,62,19
BC_0062_0004,SUBJ002,AVVQAATKVL,TQGEETFIHY,,,,,62,19,62,19
BC_0062_0005,SUBJ006,AVVQAATKVL,TQGEETFIHY,,,,,62,19,62,19
BC_0062_0006,SUBJ007,AVVQAATKVL,TQGEETFIHY,,,,,62,19,62,19
BC_0062_0007,SUBJ008,AVVQAATKVL,TQGEETFIHY,,,,,62,19,62,19
BC_0062_0008,SUBJ004,AVVQAATKVL,TQGEETFIHY,,,,,62,19,62,19
BC_0062_0009,SUBJ004,AVVQAATKVL,TQGEETFIHY,,,,,62,19,62,19
BC_0062_0010,SUBJ005,AVVQAATKVL,TQGEETFIHY,,,,,62,19,62,19
BC_0062_0011,SUBJ002,AVVQAATKVL,TQGEETFIHY,,,,,62,19,62,19
BC_0062_0012,SUBJ001,AVVQAATKVL,TQGEETFIHY,,,,,62,19,62,19
BC_0062_0013,SUBJ002,AVVQAATKVL,TQGEETFIHY,,,,,62,19,62,19
BC_0062_0014,SUBJ007,AVVQAATKVL,TQGEETFIHY,,,,,62,19,62,19
BC_0062_0015,SUBJ007,AVVQAATKVL,TQGEETFIHY,,,,,62,19,62,19
BC_0062_0016,SUBJ007,AVVQAATKVL,TQGEETFIHY,,,,,62,19,62,19
BC_0062_0017,SUBJ008,AVVQAATKVL,TQGEETFIHY,,,,,62,19,62,19
BC_0062_0018,SUBJ001,AVVQAATKVL,TQGEETFIHY,,,,,62,19,62,19
BC_0063_0000,SUBJ007,AGDSQMWETCIHWSK,DKVWCGMAHW,,,,,63,7,63,7
BC_0063_0001,SUBJ002,AGDSQMWETCIHWSK,DKVWCGMAHW,,,,,63,7,63,7
BC_0063_0002,SUBJ005,AGDSQMWETCIHWSK,DKVWCGMAHW,,,,,63,7,63,7
BC_0063_0003,SUBJ003,AGDSQMWETCIHWSK,DKVWCGMAHW,,,,,63,7,63,7
BC_0063_0004,SUBJ004,AGDSQMWETCIHWSK,DKVWCGMAHW,,,,,63,7,63,7
BC_0063_0005,SUBJ007,AGDSQMWETCIHWSK,DKVWCGMAHW,,,,,63,7,63,7
BC_0063_0006,SUBJ006,AGDSQMWETCIHWSK,DKVWCGMAHW,,,,,63,7,63,7
BC_0064_0000,SUBJ005,FDTNCEQIDMYYY,MAKRSINVPQGWP,,,,,64,5,64,5
BC_0064_0001,SUBJ004,FDTNCEQIDMYYY,MAKRSINVPQGWP,,,,,64,5,64,5
BC_0064_0002,SUBJ002,FDTNCEQIDMYYY,MAKRSINVPQGWP,,,,,64,5,64,5
BC_0064_0003,SUBJ002,FDTNCEQIDMYYY,MAKRSINVPQGWP,,,,,64,5,64,5
BC_0064_0004,SUBJ005,FDTNCEQIDMYYY,MAKRSINVPQGWP,,,,,64,5,64,5
BC_0065_0000,SUBJ006,PFPMNEDALRN,KEFDGQRVVTQEADNV,,,,,65,5,65,5
BC_0065_0001,SUBJ007,PFPMNEDALRN,KEFDGQRVVTQEADNV,,,,,65,5,65,5
BC_0065_0002,SUBJ001,PFPMNEDALRN,KEFDGQRVVTQEADNV,,,,,65,5,65,5
BC_0065_0003,SUBJ005,PFPMNEDALRN,KEFDGQRVVTQEADNV,,,,,65,5,65,5
BC_0065_0004,SUBJ007,PFPMNEDALRN,KEFDGQRVVTQEADNV,,,,,65,5,65,5
BC_0066_0000,SUBJ004,DVIWTGPGFKLKS,DGQKQLSDNKI,,,,,66,18,66,18
BC_0066_0001,SUBJ008,DVIWTGPGFKLKS,DGQKQLSDNKI,,,,,66,18,66,18
BC_0066_0002,SUBJ002,DVIWTGPGFKLKS,DGQKQLSDNKI,,,,,66,18,66,18
BC_0066_0003,SUBJ003,DVIWTGPGFKLKS,DGQKQLSDNKI,,,,,66,18,66,18
BC_0066_0004,SUBJ005,DVIWTGPGFKLKS,DGQKQLSDNKI,,,,,66,18,66,18
BC_0066_0005,SUBJ001,DVIWTGPGFKLKS,DGQKQLSDNKI,,,,,66,18,66,18
BC_0066_0006,SUBJ007,DVIWTGPGFKLKS,DGQKQLSDNKI,,,,,66,18,66,18
BC_0066_0007,SUBJ006,DVIWTGPGFKLKS,DGQKQLSDNKI,,,,,66,18,66,18
BC_0066_0008,SUBJ007,DVIWTGPGFKLKS,DGQKQLSDNKI,,,,,66,18,66,18
BC_0066_0009,SUBJ006,DVIWTGPGFKLKS,DGQKQLSDNKI,,,,,66,18,66,18
BC_0066_0010,SUBJ008,DVIWTGPGFKLKS,DGQKQLSDNKI,,,,,66,18,66,18
BC_0066_0011,SUBJ006,DVIWTGPGFKLKS,DGQKQLSDNKI,,,,,66,18,66,18
BC_0066_0012,SUBJ007,DVIWTGPGFKLKS,DGQKQLSDNKI,,,,,66,18,66,18
BC_0066_0013,SUBJ003,DVIWTGPGFKLKS,DGQKQLSDNKI,,,,,66,18,66,18
BC_0066_0014,SUBJ005,DVIWTGPGFKLKS,DGQKQLSDNKI,,,,,66,18,66,18
BC_0066_0015,SUBJ006,DVIWTGPGFKLKS,DGQKQLSDNKI,,,,,66,18,66,18
BC_0066_0016,SUBJ004,DVIWTGPGFKLKS,DGQKQLSDNKI,,,,,66,18,66,18
BC_0066_0017,SUBJ008,DVIWTGPGFKLKS,DGQKQLSDNKI,,,,,66,18,66,18
BC_0067_0000,SUBJ002,GPMLSWIMPKPN,WHWVGVARHR,,,,,67,12,67,12
BC_0067_0001,SUBJ007,GPMLSWIMPKPN,WHWVGVARHR,,,,,67,12,67,12
BC_0067_0002,SUBJ008,GPMLSWIMPKPN,WHWVGVARHR,,,,,67,12,67,12
BC_0067_0003,SUBJ003,GPMLSWIMPKPN,WHWVGVARHR,,,,,67,12,67,12
BC_0067_0004,SUBJ005,GPMLSWIMPKPN,WHWVGVARHR,,,,,67,12,67,12
BC_0067_0005,SUBJ004,GPMLSWIMPKPN,WHWVGVARHR,,,,,67,12,67,12
BC_0067_0006,SUBJ005,GPMLSWIMPKPN,WHWVGVARHR,,,,,67,12,67,12
BC_0067_0007,SUBJ003,GPMLSWIMPKPN,WHWVGVARHR,,,,,67,12,67,12
BC_0067_0008,SUBJ007,GPMLSWIMPKPN,WHWVGVARHR,,,,,67,12,67,12
BC_0067_0009,SUBJ007,GPMLSWIMPKPN,WHWVGVARHR,,,,,67,12,67,12
BC_0067_0010,SUBJ002,GPMLSWIMPKPN,WHWVGVARHR,,,,,67,12,67,12
BC_0067_0011,SUBJ008,GPMLSWIMPKPN,WHWVGVARHR,,,,,67,12,67,12
BC_0068_0000,SUBJ004,SWPVTQVCNVYDEI,NGYCWPMQEAEKITT,,,,,68,20,68,20
BC_0068_0001,SUBJ008,SWPVTQVCNVYDEI,NGYCWPMQEAEKITT,,,,,68,20,68,20
BC_0068_0002,SUBJ006,SWPVTQVCNVYDEI,NGYCWPMQEAEKITT,,,,,68,20,68,20
BC_0068_0003,SUBJ007,SWPVTQVCNVYDEI,NGYCWPMQEAEKITT,,,,,68,20,68,20
BC_0068_0004,SUBJ008,SWPVTQVCNVYDEI,NGYCWPMQEAEKITT,,,,,68,20,68,20
BC_0068_0005,SUBJ003,SWPVTQVCNVYDEI,NGYCWPMQEAEKITT,,,,,68,20,68,20
BC_0068_0006,SUBJ006,SWPVTQVCNVYDEI,NGYCWPMQEAEKITT,,,,,68,20,68,20
BC_0068_0007,SUBJ001,SWPVTQVCNVYDEI,NGYCWPMQEAEKITT,,,,,68,20,68,20
BC_0068_0008,SUBJ008,SWPVTQVCNVYDEI,NGYCWPMQEAEKITT,,,,,68,20,68,20
BC_0068_0009,SUBJ002,SWPVTQVCNVYDEI,NGYCWPMQEAEKITT,,,,,68,20,68,20
BC_0068_0010,SUBJ005,SWPVTQVCNVYDEI,NGYCWPMQEAEKITT,,,,,68,20,68,20
BC_0068_0011,SUBJ007,SWPVTQVCNVYDEI,NGYCWPMQEAEKITT,,,,,68,20,68,20
BC_0068_0012,SUBJ002,SWPVTQVCNVYDEI,NGYCWPMQEAEKITT,,,,,68,20,68,20
BC_0068_0013,SUBJ002,SWPVTQVCNVYDEI,NGYCWPMQEAEKITT,,,,,68,20,68,20
BC_0068_0014,SUBJ003,SWPVTQVCNVYDEI,NGYCWPMQEAEKITT,,,,,68,20,68,20
BC_0068_0015,SUBJ006,SWPVTQVCNVYDEI,NGYCWPMQEAEKITT,,,,,68,20,68,20
BC_0068_0016,SUBJ005,SWPVTQVCNVYDEI,NGYCWPMQEAEKITT,,,,,68,20,68,20
BC_0068_0017,SUBJ006,SWPVTQVCNVYDEI,NGYCWPMQEAEKITT,,,,,68,20,68,20
BC_0068_0018,SUBJ008,SWPVTQVCNVYDEI,NGYCWPMQEAEKITT,,,,,68,20,68,20
BC_0068_0019,SUBJ004,SWPVTQVCNVYDEI,NGYCWPMQEAEKITT,,,,,68,20,68,20
BC_0069_0000,SUBJ001,SNSERRMDLCEAME,GITGVGMVQRIPGGQ,,,,,69,15,69,15
BC_0069_0001,SUBJ004,SNSERRMDLCEAME,GITGVGMVQRIPGGQ,,,,,69,15,69,15
BC_0069_0002,SUBJ008,SNSERRMDLCEAME,GITGVGMVQRIPGGQ,,,,,69,15,69,15
BC_0069_0003,SUBJ007,SNSERRMDLCEAME,GITGVGMVQRIPGGQ,,,,,69,15,69,15
BC_0069_0004,SUBJ007,SNSERRMDLCEAME,GITGVGMVQRIPGGQ,,,,,69,15,69,15
BC_0069_0005,SUBJ001,SNSERRMDLCEAME,GITGVGMVQRIPGGQ,,,,,69,15,69,15
BC_0069_0006,SUBJ004,SNSERRMDLCEAME,GITGVGMVQRIPGGQ,,,,,69,15,69,15
BC_0069_0007,SUBJ004,SNSERRMDLCEAME,GITGVGMVQRIPGGQ,,,,,69,15,69,15
BC_0069_0008,SUBJ005,SNSERRMDLCEAME,GITGVGMVQRIPGGQ,,,,,69,15,69,15
BC_0069_0009,SUBJ002,SNSERRMDLCEAME,GITGVGMVQRIPGGQ,,,,,69,15,69,15
BC_0069_0010,SUBJ002,SNSERRMDLCEAME,GITGVGMVQRIPGGQ,,,,,69,15,69,15
BC_0069_0011,SUBJ003,SNSERRMDLCEAME,GITGVGMVQRIPGGQ,,,,,69,15,69,15
BC_0069_0012,SUBJ006,SNSERRMDLCEAME,GITGVGMVQRIPGGQ,,,,,69,15,69,15
BC_0069_0013,SUBJ006,SNSERRMDLCEAME,GITGVGMVQRIPGGQ,,,,,69,15,69,15
BC_0069_0014,SUBJ004,SNSERRMDLCEAME,GITGVGMVQRIPGGQ,,,,,69,15,69,15
BC_0070_0000,SUBJ007,EKSTMYPYPWENN,RYGLYWDFMEILEGNF,,,,,70,19,70,19
BC_0070_0001,SUBJ007,EKSTMYPYPWENN,RYGLYWDFMEILEGNF,,,,,70,19,70,19
BC_0070_0002,SUBJ003,EKSTMYPYPWENN,RYGLYWDFMEILEGNF,,,,,70,19,70,19
BC_0070_0003,SUBJ007,EKSTMYPYPWENN,RYGLYWDFMEILEGNF,,,,,70,19,70,19
BC_0070_0004,SUBJ007,EKSTMYPYPWENN,RYGLYWDFMEILEGNF,,,,,70,19,70,19
BC_0070_0005,SUBJ003,EKSTMYPYPWENN,RYGLYWDFMEILEGNF,,,,,70,19,70,19
BC_0070_0006,SUBJ008,EKSTMYPYPWENN,RYGLYWDFMEILEGNF,,,,,70,19,70,19
BC_0070_0007,SUBJ003,EKSTMYPYPWENN,RYGLYWDFMEILEGNF,,,,,70,19,70,19
BC_0070_0008,SUBJ003,EKSTMYPYPWENN,RYGLYWDFMEILEGNF,,,,,70,19,70,19
BC_0070_0009,SUBJ008,EKSTMYPYPWENN,RYGLYWDFMEILEGNF,,,,,70,19,70,19
BC_0070_0010,SUBJ005,EKSTMYPYPWENN,RYGLYWDFMEILEGNF,,,,,70,19,70,19
BC_0070_0011,SUBJ003,EKSTMYPYPWENN,RYGLYWDFMEILEGNF,,,,,70,19,70,19
BC_0070_0012,SUBJ003,EKSTMYPYPWENN,RYGLYWDFMEILEGNF,,,,,70,19,70,19
BC_0070_0013,SUBJ006,EKSTMYPYPWENN,RYGLYWDFMEILEGNF,,,,,70,19,70,19
BC_0070_0014,SUBJ008,EKSTMYPYPWENN,RYGLYWDFMEILEGNF,,,,,70,19,70,19
BC_0070_0015,SUBJ001,EKSTMYPYPWENN,RYGLYWDFMEILEGNF,,,,,70,19,70,19
BC_0070_0016,SUBJ006,EKSTMYPYPWENN,RYGLYWDFMEILEGNF,,,,,70,19,70,19
BC_0070_0017,SUBJ001,EKSTMYPYPWENN,RYGLYWDFMEILEGNF,,,,,70,19,70,19
BC_0070_0018,SUBJ008,EKSTMYPYPWENN,RYGLYWDFMEILEGNF,,,,,70,19,70,19
BC_0071_0000,SUBJ008,HPVTSQSQRSG,WAILCKIVLG,,,,,71,17,71,17
BC_0071_0001,SUBJ002,HPVTSQSQRSG,WAILCKIVLG,,,,,71,17,71,17
BC_0071_0002,SUBJ002,HPVTSQSQRSG,WAILCKIVLG,,,,,71,17,71,17
BC_0071_0003,SUBJ005,HPVTSQSQRSG,WAILCKIVLG,,,,,71,17,71,17
BC_0071_0004,SUBJ006,HPVTSQSQRSG,WAILCKIVLG,,,,,71,17,71,17
BC_0071_0005,SUBJ001,HPVTSQSQRSG,WAILCKIVLG,,,,,71,17,71,17
BC_0071_0006,SUBJ008,HPVTSQSQRSG,WAILCKIVLG,,,,,71,17,71,17
BC_0071_0007,SUBJ004,HPVTSQSQRSG,WAILCKIVLG,,,,,71,17,71,17
BC_0071_0008,SUBJ007,HPVTSQSQRSG,WAILCKIVLG,,,,,71,17,71,17
BC_0071_0009,SUBJ002,HPVTSQSQRSG,WAILCKIVLG,,,,,71,17,71,17
BC_0071_0010,SUBJ004,HPVTSQSQRSG,WAILCKIVLG,,,,,71,17,71,17
BC_0071_0011,SUBJ005,HPVTSQSQRSG,WAILCKIVLG,,,,,71,17,71,17
BC_0071_0012,SUBJ001,HPVTSQSQRSG,WAILCKIVLG,,,,,71,17,71,17
BC_0071_0013,SUBJ008,HPVTSQSQRSG,WAILCKIVLG,,,,,71,17,71,17
BC_0071_0014,SUBJ005,HPVTSQSQRSG,WAILCKIVLG,,,,,71,17,71,17
BC_0071_0015,SUBJ006,HPVTSQSQRSG,WAILCKIVLG,,,,,71,17,71,17
BC_0071_0016,SUBJ002,HPVTSQSQRSG,WAILCKIVLG,,,,,71,17,71,17
BC_0072_0000,SUBJ001,EIHWNYQGYFHHC,NVKYVGMLLWKTEF,,,,,72,16,72,16
BC_0072_0001,SUBJ005,EIHWNYQGYFHHC,NVKYVGMLLWKTEF,,,,,72,16,72,16
BC_0072_0002,SUBJ003,EIHWNYQGYFHHC,NVKYVGMLLWKTEF,,,,,72,16,72,16
BC_0072_0003,SUBJ003,EIHWNYQGYFHHC,NVKYVGMLLWKTEF,,,,,72,16,72,16
BC_0072_0004,SUBJ004,EIHWNYQGYFHHC,NVKYVGMLLWKTEF,,,,,72,16,72,16
BC_0072_0005,SUBJ003,EIHWNYQGYFHHC,NVKYVGMLLWKTEF,,,,,72,16,72,16
BC_0072_0006,SUBJ006,EIHWNYQGYFHHC,NVKYVGMLLWKTEF,,,,,72,16,72,16
BC_0072_0007,SUBJ004,EIHWNYQGYFHHC,NVKYVGMLLWKTEF,,,,,72,16,72,16
BC_0072_0008,SUBJ007,EIHWNYQGYFHHC,NVKYVGMLLWKTEF,,,,,72,16,72,16
BC_0072_0009,SUBJ008,EIHWNYQGYFHHC,NVKYVGMLLWKTEF,,,,,72,16,72,16
BC_0072_0010,SUBJ003,EIHWNYQGYFHHC,NVKYVGMLLWKTEF,,,,,72,16,72,16
BC_0072_0011,SUBJ005,EIHWNYQGYFHHC,NVKYVGMLLWKTEF,,,,,72,16,72,16
BC_0072_0012,SUBJ007,EIHWNYQGYFHHC,NVKYVGMLLWKTEF,,,,,72,16,72,16
BC_0072_0013,SUBJ007,EIHWNYQGYFHHC,NVKYVGMLLWKTEF,,,,,72,16,72,16
BC_0072_0014,SUBJ008,EIHWNYQGYFHHC,NVKYVGMLLWKTEF,,,,,72,16,72,16
BC_0072_0015,SUBJ002,EIHWNYQGYFHHC,NVKYVGMLLWKTEF,,,,,72,16,72,16
BC_0073_0000,SUBJ001,DPTKNRSMWADRNDV,HQHSKMLMVWFWS,,,,,73,13,73,13
BC_0073_0001,SUBJ001,DPTKNRSMWADRNDV,HQHSKMLMVWFWS,,,,,73,13,73,13
BC_0073_0002,SUBJ002,DPTKNRSMWADRNDV,HQHSKMLMVWFWS,,,,,73,13,73,13
BC_0073_0003,SUBJ008,DPTKNRSMWADRNDV,HQHSKMLMVWFWS,,,,,73,13,73,13
BC_0073_0004,SUBJ001,DPTKNRSMWADRNDV,HQHSKMLMVWFWS,,,,,73,13,73,13
BC_0073_0005,SUBJ002,DPTKNRSMWADRNDV,HQHSKMLMVWFWS,,,,,73,13,73,13
BC_0073_0006,SUBJ003,DPTKNRSMWADRNDV,HQHSKMLMVWFWS,,,,,73,13,73,13
BC_0073_0007,SUBJ008,DPTKNRSMWADRNDV,HQHSKMLMVWFWS,,,,,73,13,73,13
BC_0073_0008,SUBJ008,DPTKNRSMWADRNDV,HQHSKMLMVWFWS,,,,,73,13,73,13
BC_0073_0009,SUBJ001,DPTKNRSMWADRNDV,HQHSKMLMVWFWS,,,,,73,13,73,13
BC_0073_0010,SUBJ007,DPTKNRSMWADRNDV,HQHSKMLMVWFWS,,,,,73,13,73,13
BC_0073_0011,SUBJ004,DPTKNRSMWADRNDV,HQHSKMLMVWFWS,,,,,73,13,73,13
BC_0073_0012,SUBJ003,DPTKNRSMWADRNDV,HQHSKMLMVWFWS,,,,,73,13,73,13
BC_0074_0000,SUBJ008,LGKDNKDNGCPLIQD,EAHSDFWITRAAMEQ,,,,,74,7,74,7
BC_0074_0001,SUBJ002,LGKDNKDNGCPLIQD,EAHSDFWITRAAMEQ,,,,,74,7,74,7
BC_0074_0002,SUBJ004,LGKDNKDNGCPLIQD,EAHSDFWITRAAMEQ,,,,,74,7,74,7
BC_0074_0003,SUBJ007,LGKDNKDNGCPLIQD,EAHSDFWITRAAMEQ,,,,,74,7,74,7
BC_0074_0004,SUBJ002,LGKDNKDNGCPLIQD,EAHSDFWITRAAMEQ,,,,,74,7,74,7
BC_0074_0005,SUBJ002,LGKDNKDNGCPLIQD,EAHSDFWITRAAMEQ,,,,,74,7,74,7
BC_0074_0006,SUBJ002,LGKDNKDNGCPLIQD,EAHSDFWITRAAMEQ,,,,,74,7,74,7
BC_0075_0000,SUBJ007,NLFPFFDTWAYG,NHFQYRHDEFEWP,,,,,75,14,75,14
BC_0075_0001,SUBJ006,NLFPFFDTWAYG,NHFQYRHDEFEWP,,,,,75,14,75,14
BC_0075_0002,SUBJ003,NLFPFFDTWAYG,NHFQYRHDEFEWP,,,,,75,14,75,14
BC_0075_0003,SUBJ004,NLFPFFDTWAYG,NHFQYRHDEFEWP,,,,,75,14,75,14
BC_0075_0004,SUBJ005,NLFPFFDTWAYG,NHFQYRHDEFEWP,,,,,75,14,75,14
BC_0075_0005,SUBJ002,NLFPFFDTWAYG,NHFQYRHDEFEWP,,,,,75,14,75,14
BC_0075_0006,SUBJ004,NLFPFFDTWAYG,NHFQYRHDEFEWP,,,,,75,14,75,14
BC_0075_0007,SUBJ005,NLFPFFDTWAYG,NHFQYRHDEFEWP,,,,,75,14,75,14
BC_0075_0008,SUBJ001,NLFPFFDTWAYG,NHFQYRHDEFEWP,,,,,75,14,75,14
BC_0075_0009,SUBJ005,NLFPFFDTWAYG,NHFQYRHDEFEWP,,,,,75,14,75,14
BC_0075_0010,SUBJ004,NLFPFFDTWAYG,NHFQYRHDEFEWP,,,,,75,14,75,14
BC_0075_0011,SUBJ004,NLFPFFDTWAYG,NHFQYRHDEFEWP,,,,,75,14,75,14
BC_0075_0012,SUBJ007,NLFPFFDTWAYG,NHFQYRHDEFEWP,,,,,75,14,75,14
BC_0075_0013,SUBJ005,NLFPFFDTWAYG,NHFQYRHDEFEWP,,,,,75,14,75,14
BC_0076_0000,SUBJ005,CISPEISYDTANMFP,WQNVGSDAWDAKHCCP,,,,,76,19,76,19
BC_0076_0001,SUBJ007,CISPEISYDTANMFP,WQNVGSDAWDAKHCCP,,,,,76,19,76,19
BC_0076_0002,SUBJ007,CISPEISYDTANMFP,WQNVGSDAWDAKHCCP,,,,,76,19,76,19
BC_0076_0003,SUBJ007,CISPEISYDTANMFP,WQNVGSDAWDAKHCCP,,,,,76,19,76,19
BC_0076_0004,SUBJ002,CISPEISYDTANMFP,WQNVGSDAWDAKHCCP,,,,,76,19,76,19
BC_0076_0005,SUBJ003,CISPEISYDTANMFP,WQNVGSDAWDAKHCCP,,,,,76,19,76,19
BC_0076_0006,SUBJ005,CISPEISYDTANMFP,WQNVGSDAWDAKHCCP,,,,,76,19,76,19
BC_0076_0007,SUBJ002,CISPEISYDTANMFP,WQNVGSDAWDAKHCCP,,,,,76,19,76,19
BC_0076_0008,SUBJ005,CISPEISYDTANMFP,WQNVGSDAWDAKHCCP,,,,,76,19,76,19
BC_0076_0009,SUBJ002,CISPEISYDTANMFP,WQNVGSDAWDAKHCCP,,,,,76,19,76,19
BC_0076_0010,SUBJ004,CISPEISYDTANMFP,WQNVGSDAWDAKHCCP,,,,,76,19,76,19
BC_0076_0011,SUBJ003,CISPEISYDTANMFP,WQNVGSDAWDAKHCCP,,,,,76,19,76,19
BC_0076_0012,SUBJ006,CISPEISYDTANMFP,WQNVGSDAWDAKHCCP,,,,,76,19,76,19
BC_0076_0013,SUBJ007,CISPEISYDTANMFP,WQNVGSDAWDAKHCCP,,,,,76,19,76,19
BC_0076_0014,SUBJ002,CISPEISYDTANMFP,WQNVGSDAWDAKHCCP,,,,,76,19,76,19
BC_0076_0015,SUBJ005,CISPEISYDTANMFP,WQNVGSDAWDAKHCCP,,,,,76,19,76,19
BC_0076_0016,SUBJ007,CISPEISYDTANMFP,WQNVGSDAWDAKHCCP,,,,,76,19,76,19
BC_0076_0017,SUBJ004,CISPEISYDTANMFP,WQNVGSDAWDAKHCCP,,,,,76,19,76,19
BC_0076_0018,SUBJ001,CISPEISYDTANMFP,WQNVGSDAWDAKHCCP,,,,,76,19,76,19
BC_0077_0000,SUBJ005,DQERYYCLGEA,FAGSNTTKGNFKEAM,,,,,77,16,77,16
BC_0077_0001,SUBJ002,DQERYYCLGEA,FAGSNTTKGNFKEAM,,,,,77,16,77,16
BC_0077_0002,SUBJ005,DQERYYCLGEA,FAGSNTTKGNFKEAM,,,,,77,16,77,16
BC_0077_0003,SUBJ002,DQERYYCLGEA,FAGSNTTKGNFKEAM,,,,,77,16,77,16
BC_0077_0004,SUBJ008,DQERYYCLGEA,FAGSNTTKGNFKEAM,,,,,77,16,77,16
BC_0077_0005,SUBJ008,DQERYYCLGEA,FAGSNTTKGNFKEAM,,,,,77,16,77,16
BC_0077_0006,SUBJ006,DQERYYCLGEA,FAGSNTTKGNFKEAM,,,,,77,16,77,16
BC_0077_0007,SUBJ001,DQERYYCLGEA,FAGSNTTKGNFKEAM,,,,,77,16,77,16
BC_0077_0008,SUBJ008,DQERYYCLGEA,FAGSNTTKGNFKEAM,,,,,77,16,77,16
BC_0077_0009,SUBJ003,DQERYYCLGEA,FAGSNTTKGNFKEAM,,,,,77,16,77,16
BC_0077_0010,SUBJ006,DQERYYCLGEA,FAGSNTTKGNFKEAM,,,,,77,16,77,16
BC_0077_0011,SUBJ003,DQERYYCLGEA,FAGSNTTKGNFKEAM,,,,,77,16,77,16
BC_0077_0012,SUBJ005,DQERYYCLGEA,FAGSNTTKGNFKEAM,,,,,77,16,77,16
BC_0077_0013,SUBJ002,DQERYYCLGEA,FAGSNTTKGNFKEAM,,,,,77,16,77,16
BC_0077_0014,SUBJ002,DQERYYCLGEA,FAGSNTTKGNFKEAM,,,,,77,16,77,16
BC_0077_0015,SUBJ004,DQERYYCLGEA,FAGSNTTKGNFKEAM,,,,,77,16,77,16
BC_0078_0000,SUBJ001,TACAICSNPFGCVQI,IQMKDWNETCGI,,,,,78,19,78,19
BC_0078_0001,SUBJ007,TACAICSNPFGCVQI,IQMKDWNETCGI,,,,,78,19,78,19
BC_0078_0002,SUBJ002,TACAICSNPFGCVQI,IQMKDWNETCGI,,,,,78,19,78,19
BC_0078_0003,SUBJ008,TACAICSNPFGCVQI,IQMKDWNETCGI,,,,,78,19,78,19
BC_0078_0004,SUBJ005,TACAICSNPFGCVQI,IQMKDWNETCGI,,,,,78,19,78,19
BC_0078_0005,SUBJ005,TACAICSNPFGCVQI,IQMKDWNETCGI,,,,,78,19,78,19
BC_0078_0006,SUBJ006,TACAICSNPFGCVQI,IQMKDWNETCGI,,,,,78,19,78,19
BC_0078_0007,SUBJ002,TACAICSNPFGCVQI,IQMKDWNETCGI,,,,,78,19,78,19
BC_0078_0008,SUBJ008,TACAICSNPFGCVQI,IQMKDWNETCGI,,,,,78,19,78,19
BC_0078_0009,SUBJ001,TACAICSNPFGCVQI,IQMKDWNETCGI,,,,,78,19,78,19
BC_0078_0010,SUBJ006,TACAICSNPFGCVQI,IQMKDWNETCGI,,,,,78,19,78,19
BC_0078_0011,SUBJ004,TACAICSNPFGCVQI,IQMKDWNETCGI,,,,,78,19,78,19
BC_0078_0012,SUBJ005,TACAICSNPFGCVQI,IQMKDWNETCGI,,,,,78,19,78,19
BC_0078_0013,SUBJ005,TACAICSNPFGCVQI,IQMKDWNETCGI,,,,,78,19,78,19
BC_0078_0014,SUBJ004,TACAICSNPFGCVQI,IQMKDWNETCGI,,,,,78,19,78,19
BC_0078_0015,SUBJ008,TACAICSNPFGCVQI,IQMKDWNETCGI,,,,,78,19,78,19
BC_0078_0016,SUBJ006,TACAICSNPFGCVQI,IQMKDWNETCGI,,,,,78,19,78,19
BC_0078_0017,SUBJ008,TACAICSNPFGCVQI,IQMKDWNETCGI,,,,,78,19,78,19
BC_0078_0018,SUBJ004,TACAICSNPFGCVQI,IQMKDWNETCGI,,,,,78,19,78,19
BC_0079_0000,SUBJ006,VIFAQAIVNAMAPLE,TIQSCFKDCIT,,,,,79,16,79,16
BC_0079_0001,SUBJ008,VIFAQAIVNAMAPLE,TIQSCFKDCIT,,,,,79,16,79,16
BC_0079_0002,SUBJ002,VIFAQAIVNAMAPLE,TIQSCFKDCIT,,,,,79,16,79,16
BC_0079_0003,SUBJ002,VIFAQAIVNAMAPLE,TIQSCFKDCIT,,,,,79,16,79,16
BC_0079_0004,SUBJ003,VIFAQAIVNAMAPLE,TIQSCFKDCIT,,,,,79,16,79,16
BC_0079_0005,SUBJ007,VIFAQAIVNAMAPLE,TIQSCFKDCIT,,,,,79,16,79,16
BC_0079_0006,SUBJ002,VIFAQAIVNAMAPLE,TIQSCFKDCIT,,,,,79,16,79,16
BC_0079_0007,SUBJ001,VIFAQAIVNAMAPLE,TIQSCFKDCIT,,,,,79,16,79,16
BC_0079_0008,SUBJ007,VIFAQAIVNAMAPLE,TIQSCFKDCIT,,,,,79,16,79,16
BC_0079_0009,SUBJ003,VIFAQAIVNAMAPLE,TIQSCFKDCIT,,,,,79,16,79,16
BC_0079_0010,SUBJ004,VIFAQAIVNAMAPLE,TIQSCFKDCIT,,,,,79,16,79,16
BC_0079_0011,SUBJ005,VIFAQAIVNAMAPLE,TIQSCFKDCIT,,,,,79,16,79,16
BC_0079_0012,SUBJ005,VIFAQAIVNAMAPLE,TIQSCFKDCIT,,,,,79,16,79,16
BC_0079_0013,SUBJ006,VIFAQAIVNAMAPLE,TIQSCFKDCIT,,,,,79,16,79,16
BC_0079_0014,SUBJ007,VIFAQAIVNAMAPLE,TIQSCFKDCIT,,,,,79,16,79,16
BC_0079_0015,SUBJ006,VIFAQAIVNAMAPLE,TIQSCFKDCIT,,,,,79,16,79,16
BC_0080_0000,SUBJ001,RKIDHFWEFEGR,MQEVNHRLRKEDG,,,,,80,12,80,12
BC_0080_0001,SUBJ004,RKIDHFWEFEGR,MQEVNHRLRKEDG,,,,,80,12,80,12
BC_0080_0002,SUBJ006,RKIDHFWEFEGR,MQEVNHRLRKEDG,,,,,80,12,80,12
BC_0080_0003,SUBJ003,RKIDHFWEFEGR,MQEVNHRLRKEDG,,,,,80,12,80,12
BC_0080_0004,SUBJ002,RKIDHFWEFEGR,MQEVNHRLRKEDG,,,,,80,12,80,12
BC_0080_0005,SUBJ004,RKIDHFWEFEGR,MQEVNHRLRKEDG,,,,,80,12,80,12
BC_0080_0006,SUBJ006,RKIDHFWEFEGR,MQEVNHRLRKEDG,,,,,80,12,80,12
BC_0080_0007,SUBJ007,RKIDHFWEFEGR,MQEVNHRLRKEDG,,,,,80,12,80,12
BC_0080_0008,SUBJ001,RKIDHFWEFEGR,MQEVNHRLRKEDG,,,,,80,12,80,12
BC_0080_0009,SUBJ005,RKIDHFWEFEGR,MQEVNHRLRKEDG,,,,,80,12,80,12
BC_0080_0010,SUBJ005,RKIDHFWEFEGR,MQEVNHRLRKEDG,,,,,80,12,80,12
BC_0080_0011,SUBJ003,RKIDHFWEFEGR,MQEVNHRLRKEDG,,,,,80,12,80,12
BC_0081_0000,SUBJ001,PRVVIEREFE,CIFHPNDWWK,,,,,81,5,81,5
BC_0081_0001,SUBJ002,PRVVIEREFE,CIFHPNDWWK,,,,,81,5,81,5
BC_0081_0002,SUBJ004,PRVVIEREFE,CIFHPNDWWK,,,,,81,5,81,5
BC_0081_0003,SUBJ008,PRVVIEREFE,CIFHPNDWWK,,,,,81,5,81,5
BC_0081_0004,SUBJ003,PRVVIEREFE,CIFHPNDWWK,,,,,81,5,81,5
BC_0082_0000,SUBJ004,MECRCGWQPS,PQGNHGKKRF,,,,,82,4,82,4
BC_0082_0001,SUBJ005,MECRCGWQPS,PQGNHGKKRF,,,,,82,4,82,4
BC_0082_0002,SUBJ008,MECRCGWQPS,PQGNHGKKRF,,,,,82,4,82,4
BC_0082_0003,SUBJ007,MECRCGWQPS,PQGNHGKKRF,,,,,82,4,82,4
BC_0083_0000,SUBJ005,SCDKPFQHTIVAPN,VSNWTMPKGAMYI,,,,,83,3,83,3
BC_0083_0001,SUBJ001,SCDKPFQHTIVAPN,VSNWTMPKGAMYI,,,,,83,3,83,3
BC_0083_0002,SUBJ008,SCDKPFQHTIVAPN,VSNWTMPKGAMYI,,,,,83,3,83,3
BC_0084_0000,SUBJ003,NWIGEIIKVCIWPN,GGIWMNWANWWFWHSV,,,,,84,12,84,12
BC_0084_0001,SUBJ008,NWIGEIIKVCIWPN,GGIWMNWANWWFWHSV,,,,,84,12,84,12
BC_0084_0002,SUBJ001,NWIGEIIKVCIWPN,GGIWMNWANWWFWHSV,,,,,84,12,84,12
BC_0084_0003,SUBJ002,NWIGEIIKVCIWPN,GGIWMNWANWWFWHSV,,,,,84,12,84,12
BC_0084_0004,SUBJ001,NWIGEIIKVCIWPN,GGIWMNWANWWFWHSV,,,,,84,12,84,12
BC_0084_0005,SUBJ004,NWIGEIIKVCIWPN,GGIWMNWANWWFWHSV,,,,,84,12,84,12
BC_0084_0006,SUBJ004,NWIGEIIKVCIWPN,GGIWMNWANWWFWHSV,,,,,84,12,84,12
BC_0084_0007,SUBJ001,NWIGEIIKVCIWPN,GGIWMNWANWWFWHSV,,,,,84,12,84,12
BC_0084_0008,SUBJ008,NWIGEIIKVCIWPN,GGIWMNWANWWFWHSV,,,,,84,12,84,12
BC_0084_0009,SUBJ001,NWIGEIIKVCIWPN,GGIWMNWANWWFWHSV,,,,,84,12,84,12
BC_0084_0010,SUBJ006,NWIGEIIKVCIWPN,GGIWMNWANWWFWHSV,,,,,84,12,84,12
BC_0084_0011,SUBJ004,NWIGEIIKVCIWPN,GGIWMNWANWWFWHSV,,,,,84,12,84,12
BC_0085_0000,SUBJ004,FMGMCAFWFETNDNPW,MLMFGQSMGV,,,,,85,14,85,14
BC_0085_0001,SUBJ003,FMGMCAFWFETNDNPW,MLMFGQSMGV,,,,,85,14,85,14
BC_0085_0002,SUBJ007,FMGMCAFWFETNDNPW,MLMFGQSMGV,,,,,85,14,85,14
BC_0085_0003,SUBJ005,FMGMCAFWFETNDNPW,MLMFGQSMGV,,,,,85,14,85,14
BC_0085_0004,SUBJ005,FMGMCAFWFETNDNPW,MLMFGQSMGV,,,,,85,14,85,14
BC_0085_0005,SUBJ003,FMGMCAFWFETNDNPW,MLMFGQSMGV,,,,,85,14,85,14
BC_0085_0006,SUBJ003,FMGMCAFWFETNDNPW,MLMFGQSMGV,,,,,85,14,85,14
BC_0085_0007,SUBJ001,FMGMCAFWFETNDNPW,MLMFGQSMGV,,,,,85,14,85,14
BC_0085_0008,SUBJ007,FMGMCAFWFETNDNPW,MLMFGQSMGV,,,,,85,14,85,14
BC_0085_0009,SUBJ001,FMGMCAFWFETNDNPW,MLMFGQSMGV,,,,,85,14,85,14
BC_0085_0010,SUBJ003,FMGMCAFWFETNDNPW,MLMFGQSMGV,,,,,85,14,85,14
BC_0085_0011,SUBJ006,FMGMCAFWFETNDNPW,MLMFGQSMGV,,,,,85,14,85,14
BC_0085_0012,SUBJ004,FMGMCAFWFETNDNPW,MLMFGQSMGV,,,,,85,14,85,14
BC_0085_0013,SUBJ002,FMGMCAFWFETNDNPW,MLMFGQSMGV,,,,,85,14,85,14
BC_0086_0000,SUBJ007,FMDINMGDMRAKH,DNKEACPRQGQ,,,,,86,18,86,18
BC_0086_0001,SUBJ006,FMDINMGDMRAKH,DNKEACPRQGQ,,,,,86,18,86,18
BC_0086_0002,SUBJ007,FMDINMGDMRAKH,DNKEACPRQGQ,,,,,86,18,86,18
BC_0086_0003,SUBJ002,FMDINMGDMRAKH,DNKEACPRQGQ,,,,,86,18,86,18
BC_0086_0004,SUBJ008,FMDINMGDMRAKH,DNKEACPRQGQ,,,,,86,18,86,18
BC_0086_0005,SUBJ004,FMDINMGDMRAKH,DNKEACPRQGQ,,,,,86,18,86,18
BC_0086_0006,SUBJ003,FMDINMGDMRAKH,DNKEACPRQGQ,,,,,86,18,86,18
BC_0086_0007,SUBJ008,FMDINMGDMRAKH,DNKEACPRQGQ,,,,,86,18,86,18
BC_0086_0008,SUBJ002,FMDINMGDMRAKH,DNKEACPRQGQ,,,,,86,18,86,18
BC_0086_0009,SUBJ001,FMDINMGDMRAKH,DNKEACPRQGQ,,,,,86,18,86,18
BC_0086_0010,SUBJ005,FMDINMGDMRAKH,DNKEACPRQGQ,,,,,86,18,86,18
BC_0086_0011,SUBJ001,FMDINMGDMRAKH,DNKEACPRQGQ,,,,,86,18,86,18
BC_0086_0012,SUBJ006,FMDINMGDMRAKH,DNKEACPRQGQ,,,,,86,18,86,18
BC_0086_0013,SUBJ005,FMDINMGDMRAKH,DNKEACPRQGQ,,,,,86,18,86,18
BC_0086_0014,SUBJ002,FMDINMGDMRAKH,DNKEACPRQGQ,,,,,86,18,86,18
BC_0086_0015,SUBJ002,FMDINMGDMRAKH,DNKEACPRQGQ,,,,,86,18,86,18
BC_0086_0016,SUBJ006,FMDINMGDMRAKH,DNKEACPRQGQ,,,,,86,18,86,18
BC_0086_0017,SUBJ003,FMDINMGDMRAKH,DNKEACPRQGQ,,,,,86,18,86,18
BC_0087_0000,SUBJ002,GDVDMYYSAQGYQ,CEMHHQVVKLL,,,,,87,10,87,10
BC_0087_0001,SUBJ001,GDVDMYYSAQGYQ,CEMHHQVVKLL,,,,,87,10,87,10
BC_0087_0002,SUBJ007,GDVDMYYSAQGYQ,CEMHHQVVKLL,,,,,87,10,87,10
BC_0087_0003,SUBJ008,GDVDMYYSAQGYQ,CEMHHQVVKLL,,,,,87,10,87,10
BC_0087_0004,SUBJ003,GDVDMYYSAQGYQ,CEMHHQVVKLL,,,,,87,10,87,10
BC_0087_0005,SUBJ001,GDVDMYYSAQGYQ,CEMHHQVVKLL,,,,,87,10,87,10
BC_0087_0006,SUBJ006,GDVDMYYSAQGYQ,CEMHHQVVKLL,,,,,87,10,87,10
BC_0087_0007,SUBJ001,GDVDMYYSAQGYQ,CEMHHQVVKLL,,,,,87,10,87,10
BC_0087_0008,SUBJ007,GDVDMYYSAQGYQ,CEMHHQVVKLL,,,,,87,10,87,10
BC_0087_0009,SUBJ002,GDVDMYYSAQGYQ,CEMHHQVVKLL,,,,,87,10,87,10
BC_0088_0000,SUBJ005,YSHEAHGLDSEL,PSSKDVPGNPNGRCKR,,,,,88,17,88,17
BC_0088_0001,SUBJ004,YSHEAHGLDSEL,PSSKDVPGNPNGRCKR,,,,,88,17,88,17
BC_0088_0002,SUBJ005,YSHEAHGLDSEL,PSSKDVPGNPNGRCKR,,,,,88,17,88,17
BC_0088_0003,SUBJ001,YSHEAHGLDSEL,PSSKDVPGNPNGRCKR,,,,,88,17,88,17
BC_0088_0004,SUBJ003,YSHEAHGLDSEL,PSSKDVPGNPNGRCKR,,,,,88,17,88,17
BC_0088_0005,SUBJ002,YSHEAHGLDSEL,PSSKDVPGNPNGRCKR,,,,,88,17,88,17
BC_0088_0006,SUBJ002,YSHEAHGLDSEL,PSSKDVPGNPNGRCKR,,,,,88,17,88,17
BC_0088_0007,SUBJ006,YSHEAHGLDSEL,PSSKDVPGNPNGRCKR,,,,,88,17,88,17
BC_0088_0008,SUBJ007,YSHEAHGLDSEL,PSSKDVPGNPNGRCKR,,,,,88,17,88,17
BC_0088_0009,SUBJ004,YSHEAHGLDSEL,PSSKDVPGNPNGRCKR,,,,,88,17,88,17
BC_0088_0010,SUBJ001,YSHEAHGLDSEL,PSSKDVPGNPNGRCKR,,,,,88,17,88,17
BC_0088_0011,SUBJ007,YSHEAHGLDSEL,PSSKDVPGNPNGRCKR,,,,,88,17,88,17
BC_0088_0012,SUBJ007,YSHEAHGLDSEL,PSSKDVPGNPNGRCKR,,,,,88,17,88,17
BC_0088_0013,SUBJ008,YSHEAHGLDSEL,PSSKDVPGNPNGRCKR,,,,,88,17,88,17
BC_0088_0014,SUBJ004,YSHEAHGLDSEL,PSSKDVPGNPNGRCKR,,,,,88,17,88,17
BC_0088_0015,SUBJ008,YSHEAHGLDSEL,PSSKDVPGNPNGRCKR,,,,,88,17,88,17
BC_0088_0016,SUBJ005,YSHEAHGLDSEL,PSSKDVPGNPNGRCKR,,,,,88,17,88,17
BC_0089_0000,SUBJ006,PCTWTWYFER,GHHFCQDQHFY,,,,,89,11,89,11
BC_0089_0001,SUBJ002,PCTWTWYFER,GHHFCQDQHFY,,,,,89,11,89,11
BC_0089_0002,SUBJ002,PCTWTWYFER,GHHFCQDQHFY,,,,,89,11,89,11
BC_0089_0003,SUBJ007,PCTWTWYFER,GHHFCQDQHFY,,,,,89,11,89,11
BC_0089_0004,SUBJ007,PCTWTWYFER,GHHFCQDQHFY,,,,,89,11,89,11
BC_0089_0005,SUBJ006,PCTWTWYFER,GHHFCQDQHFY,,,,,89,11,89,11
BC_0089_0006,SUBJ005,PCTWTWYFER,GHHFCQDQHFY,,,,,89,11,89,11
BC_0089_0007,SUBJ008,PCTWTWYFER,GHHFCQDQHFY,,,,,89,11,89,11
BC_0089_0008,SUBJ001,PCTWTWYFER,GHHFCQDQHFY,,,,,89,11,89,11
BC_0089_0009,SUBJ007,PCTWTWYFER,GHHFCQDQHFY,,,,,89,11,89,11
BC_0089_0010,SUBJ002,PCTWTWYFER,GHHFCQDQHFY,,,,,89,11,89,11
BC_0090_0000,SUBJ001,FFWWWEEWELVNQ,PSWYSCGKPFYY,,,,,90,15,90,15
BC_0090_0001,SUBJ007,FFWWWEEWELVNQ,PSWYSCGKPFYY,,,,,90,15,90,15
BC_0090_0002,SUBJ006,FFWWWEEWELVNQ,PSWYSCGKPFYY,,,,,90,15,90,15
BC_0090_0003,SUBJ004,FFWWWEEWELVNQ,PSWYSCGKPFYY,,,,,90,15,90,15
BC_0090_0004,SUBJ001,FFWWWEEWELVNQ,PSWYSCGKPFYY,,,,,90,15,90,15
BC_0090_0005,SUBJ008,FFWWWEEWELVNQ,PSWYSCGKPFYY,,,,,90,15,90,15
BC_0090_0006,SUBJ005,FFWWWEEWELVNQ,PSWYSCGKPFYY,,,,,90,15,90,15
BC_0090_0007,SUBJ006,FFWWWEEWELVNQ,PSWYSCGKPFYY,,,,,90,15,90,15
BC_0090_0008,SUBJ001,FFWWWEEWELVNQ,PSWYSCGKPFYY,,,,,90,15,90,15
BC_0090_0009,SUBJ006,FFWWWEEWELVNQ,PSWYSCGKPFYY,,,,,90,15,90,15
BC_0090_0010,SUBJ005,FFWWWEEWELVNQ,PSWYSCGKPFYY,,,,,90,15,90,15
BC_0090_0011,SUBJ005,FFWWWEEWELVNQ,PSWYSCGKPFYY,,,,,90,15,90,15
BC_0090_0012,SUBJ005,FFWWWEEWELVNQ,PSWYSCGKPFYY,,,,,90,15,90,15
BC_0090_0013,SUBJ008,FFWWWEEWELVNQ,PSWYSCGKPFYY,,,,,90,15,90,15
BC_0090_0014,SUBJ002,FFWWWEEWELVNQ,PSWYSCGKPFYY,,,,,90,15,90,15
BC_0091_0000,SUBJ008,IFLRMKQYDHRHQSTN,CTGDLTPFTWAGHHCI,,,,,91,4,91,4
BC_0091_0001,SUBJ001,IFLRMKQYDHRHQSTN,CTGDLTPFTWAGHHCI,,,,,91,4,91,4
BC_0091_0002,SUBJ006,IFLRMKQYDHRHQSTN,CTGDLTPFTWAGHHCI,,,,,91,4,91,4
BC_0091_0003,SUBJ004,IFLRMKQYDHRHQSTN,CTGDLTPFTWAGHHCI,,,,,91,4,91,4
BC_0092_0000,SUBJ004,NRTPEAINSYRG,SWVNNGKDLAPCGWHI,,,,,92,10,92,10
BC_0092_0001,SUBJ005,NRTPEAINSYRG,SWVNNGKDLAPCGWHI,,,,,92,10,92,10
BC_0092_0002,SUBJ007,NRTPEAINSYRG,SWVNNGKDLAPCGWHI,,,,,92,10,92,10
BC_0092_0003,SUBJ001,NRTPEAINSYRG,SWVNNGKDLAPCGWHI,,,,,92,10,92,10
BC_0092_0004,SUBJ001,NRTPEAINSYRG,SWVNNGKDLAPCGWHI,,,,,92,10,92,10
BC_0092_0005,SUBJ008,NRTPEAINSYRG,SWVNNGKDLAPCGWHI,,,,,92,10,92,10
BC_0092_0006,SUBJ003,NRTPEAINSYRG,SWVNNGKDLAPCGWHI,,,,,92,10,92,10
BC_0092_0007,SUBJ003,NRTPEAINSYRG,SWVNNGKDLAPCGWHI,,,,,92,10,92,10
BC_0092_0008,SUBJ001,NRTPEAINSYRG,SWVNNGKDLAPCGWHI,,,,,92,10,92,10
BC_0092_0009,SUBJ004,NRTPEAINSYRG,SWVNNGKDLAPCGWHI,,,,,92,10,92,10
BC_0093_0000,SUBJ006,YLKQPNRKHRLT,YPWEATNVYYLLESDM,,,,,93,11,93,11
BC_0093_0001,SUBJ005,YLKQPNRKHRLT,YPWEATNVYYLLESDM,,,,,93,11,93,11
BC_0093_0002,SUBJ005,YLKQPNRKHRLT,YPWEATNVYYLLESDM,,,,,93,11,93,11
BC_0093_0003,SUBJ005,YLKQPNRKHRLT,YPWEATNVYYLLESDM,,,,,93,11,93,11
BC_0093_0004,SUBJ004,YLKQPNRKHRLT,YPWEATNVYYLLESDM,,,,,93,11,93,11
BC_0093_0005,SUBJ003,YLKQPNRKHRLT,YPWEATNVYYLLESDM,,,,,93,11,93,11
BC_0093_0006,SUBJ004,YLKQPNRKHRLT,YPWEATNVYYLLESDM,,,,,93,11,93,11
BC_0093_0007,SUBJ001,YLKQPNRKHRLT,YPWEATNVYYLLESDM,,,,,93,11,93,11
BC_0093_0008,SUBJ007,YLKQPNRKHRLT,YPWEATNVYYLLESDM,,,,,93,11,93,11
BC_0093_0009,SUBJ006,YLKQPNRKHRLT,YPWEATNVYYLLESDM,,,,,93,11,93,11
BC_0093_0010,SUBJ003,YLKQPNRKHRLT,YPWEATNVYYLLESDM,,,,,93,11,93,11
BC_0094_0000,SUBJ006,ASLKQPPCWWHMIVS,NTLGVGLESFKVGMD,,,,,94,10,94,10
BC_0094_0001,SUBJ004,ASLKQPPCWWHMIVS,NTLGVGLESFKVGMD,,,,,94,10,94,10
BC_0094_0002,SUBJ005,ASLKQPPCWWHMIVS,NTLGVGLESFKVGMD,,,,,94,10,94,10
BC_0094_0003,SUBJ007,ASLKQPPCWWHMIVS,NTLGVGLESFKVGMD,,,,,94,10,94,10
BC_0094_0004,SUBJ006,ASLKQPPCWWHMIVS,NTLGVGLESFKVGMD,,,,,94,10,94,10
BC_0094_0005,SUBJ006,ASLKQPPCWWHMIVS,NTLGVGLESFKVGMD,,,,,94,10,94,10
BC_0094_0006,SUBJ005,ASLKQPPCWWHMIVS,NTLGVGLESFKVGMD,,,,,94,10,94,10
BC_0094_0007,SUBJ005,ASLKQPPCWWHMIVS,NTLGVGLESFKVGMD,,,,,94,10,94,10
BC_0094_0008,SUBJ008,ASLKQPPCWWHMIVS,NTLGVGLESFKVGMD,,,,,94,10,94,10
BC_0094_0009,SUBJ002,ASLKQPPCWWHMIVS,NTLGVGLESFKVGMD,,,,,94,10,94,10
BC_0095_0000,SUBJ008,CWWYDSHTEPTLQ,FFHMQWRFMG,,,,,95,5,95,5
BC_0095_0001,SUBJ006,CWWYDSHTEPTLQ,FFHMQWRFMG,,,,,95,5,95,5
BC_0095_0002,SUBJ003,CWWYDSHTEPTLQ,FFHMQWRFMG,,,,,95,5,95,5
BC_0095_0003,SUBJ006,CWWYDSHTEPTLQ,FFHMQWRFMG,,,,,95,5,95,5
BC_0095_0004,SUBJ001,CWWYDSHTEPTLQ,FFHMQWRFMG,,,,,95,5,95,5
BC_0096_0000,SUBJ001,RKHGWGSDFY,QPQSPACVHNAMT,,,,,96,9,96,9
BC_0096_0001,SUBJ001,RKHGWGSDFY,QPQSPACVHNAMT,,,,,96,9,96,9
BC_0096_0002,SUBJ004,RKHGWGSDFY,QPQSPACVHNAMT,,,,,96,9,96,9
BC_0096_0003,SUBJ004,RKHGWGSDFY,QPQSPACVHNAMT,,,,,96,9,96,9
BC_0096_0004,SUBJ006,RKHGWGSDFY,QPQSPACVHNAMT,,,,,96,9,96,9
BC_0096_0005,SUBJ005,RKHGWGSDFY,QPQSPACVHNAMT,,,,,96,9,96,9
BC_0096_0006,SUBJ003,RKHGWGSDFY,QPQSPACVHNAMT,,,,,96,9,96,9
BC_0096_0007,SUBJ002,RKHGWGSDFY,QPQSPACVHNAMT,,,,,96,9,96,9
BC_0096_0008,SUBJ007,RKHGWGSDFY,QPQSPACVHNAMT,,,,,96,9,96,9
BC_0097_0000,SUBJ003,WLGDCLLRTYTMQF,SNHGPAIIFHAW,,,,,97,19,97,19
BC_0097_0001,SUBJ002,WLGDCLLRTYTMQF,SNHGPAIIFHAW,,,,,97,19,97,19
BC_0097_0002,SUBJ006,WLGDCLLRTYTMQF,SNHGPAIIFHAW,,,,,97,19,97,19
BC_0097_0003,SUBJ001,WLGDCLLRTYTMQF,SNHGPAIIFHAW,,,,,97,19,97,19
BC_0097_0004,SUBJ007,WLGDCLLRTYTMQF,SNHGPAIIFHAW,,,,,97,19,97,19
BC_0097_0005,SUBJ005,WLGDCLLRTYTMQF,SNHGPAIIFHAW,,,,,97,19,97,19
BC_0097_0006,SUBJ001,WLGDCLLRTYTMQF,SNHGPAIIFHAW,,,,,97,19,97,19
BC_0097_0007,SUBJ001,WLGDCLLRTYTMQF,SNHGPAIIFHAW,,,,,97,19,97,19
BC_0097_0008,SUBJ002,WLGDCLLRTYTMQF,SNHGPAIIFHAW,,,,,97,19,97,19
BC_0097_0009,SUBJ001,WLGDCLLRTYTMQF,SNHGPAIIFHAW,,,,,97,19,97,19
BC_0097_0010,SUBJ001,WLGDCLLRTYTMQF,SNHGPAIIFHAW,,,,,97,19,97,19
BC_0097_0011,SUBJ002,WLGDCLLRTYTMQF,SNHGPAIIFHAW,,,,,97,19,97,19
BC_0097_0012,SUBJ007,WLGDCLLRTYTMQF,SNHGPAIIFHAW,,,,,97,19,97,19
BC_0097_0013,SUBJ008,WLGDCLLRTYTMQF,SNHGPAIIFHAW,,,,,97,19,97,19
BC_0097_0014,SUBJ007,WLGDCLLRTYTMQF,SNHGPAIIFHAW,,,,,97,19,97,19
BC_0097_0015,SUBJ002,WLGDCLLRTYTMQF,SNHGPAIIFHAW,,,,,97,19,97,19
BC_0097_0016,SUBJ005,WLGDCLLRTYTMQF,SNHGPAIIFHAW,,,,,97,19,97,19
BC_0097_0017,SUBJ008,WLGDCLLRTYTMQF,SNHGPAIIFHAW,,,,,97,19,97,19
BC_0097_0018,SUBJ003,WLGDCLLRTYTMQF,SNHGPAIIFHAW,,,,,97,19,97,19
BC_0098_0000,SUBJ003,ALQETKYYFQE,YELEESHYHKTHNQ,,,,,98,12,98,12
BC_0098_0001,SUBJ001,ALQETKYYFQE,YELEESHYHKTHNQ,,,,,98,12,98,12
BC_0098_0002,SUBJ008,ALQETKYYFQE,YELEESHYHKTHNQ,,,,,98,12,98,12
BC_0098_0003,SUBJ004,ALQETKYYFQE,YELEESHYHKTHNQ,,,,,98,12,98,12
BC_0098_0004,SUBJ008,ALQETKYYFQE,YELEESHYHKTHNQ,,,,,98,12,98,12
BC_0098_0005,SUBJ006,ALQETKYYFQE,YELEESHYHKTHNQ,,,,,98,12,98,12
BC_0098_0006,SUBJ004,ALQETKYYFQE,YELEESHYHKTHNQ,,,,,98,12,98,12
BC_0098_0007,SUBJ001,ALQETKYYFQE,YELEESHYHKTHNQ,,,,,98,12,98,12
BC_0098_0008,SUBJ001,ALQETKYYFQE,YELEESHYHKTHNQ,,,,,98,12,98,12
BC_0098_0009,SUBJ002,ALQETKYYFQE,YELEESHYHKTHNQ,,,,,98,12,98,12
BC_0098_0010,SUBJ002,ALQETKYYFQE,YELEESHYHKTHNQ,,,,,98,12,98,12
BC_0098_0011,SUBJ008,ALQETKYYFQE,YELEESHYHKTHNQ,,,,,98,12,98,12
BC_0099_0000,SUBJ003,DTDEKIRLKRC,GCLNMQEECA,,,,,99,7,99,7
BC_0099_0001,SUBJ006,DTDEKIRLKRC,GCLNMQEECA,,,,,99,7,99,7
BC_0099_0002,SUBJ006,DTDEKIRLKRC,GCLNMQEECA,,,,,99,7,99,7
BC_0099_0003,SUBJ008,DTDEKIRLKRC,GCLNMQEECA,,,,,99,7,99,7
BC_0099_0004,SUBJ005,DTDEKIRLKRC,GCLNMQEECA,,,,,99,7,99,7
BC_0099_0005,SUBJ002,DTDEKIRLKRC,GCLNMQEECA,,,,,99,7,99,7
BC_0099_0006,SUBJ006,DTDEKIRLKRC,GCLNMQEECA,,,,,99,7,99,7
